SessionID,StationID,StateID,State,StartTime,EndTime,DurationMinutes,EnergyConsumedKWh,RatePerKWh,Amount,PaymentMethod,SessionStatus
10001,1503,30,Jammu and Kashmir,2026-06-13 18:47:00,2026-06-13 21:44:00,177,75.5,16.23,1225.37,UPI,Completed
10002,1356,12,Kerala,2025-07-13 12:12:00,2025-07-13 12:56:00,44,12.44,13.51,168.06,UPI,Completed
10003,1254,11,Karnataka,2025-07-12 02:00:00,2025-07-12 02:51:00,51,9.04,23.04,208.28,Card,Completed
10004,1265,15,Manipur,2025-11-14 05:11:00,2025-11-14 06:16:00,65,94.51,17.04,1610.45,Wallet,Cancelled
10005,1046,22,Sikkim,2026-03-12 02:29:00,2026-03-12 03:34:00,65,70.12,21.99,1541.94,RFID,Completed
10006,1028,16,Meghalaya,2026-04-07 18:36:00,2026-04-07 21:32:00,176,36.52,23.01,840.33,UPI,Completed
10007,1389,17,Mizoram,2025-06-24 13:26:00,2025-06-24 15:00:00,94,55.42,13.85,767.57,Wallet,Failed
10008,1303,3,Assam,2025-04-03 20:46:00,2025-04-03 23:26:00,160,78.57,23.2,1822.82,UPI,Completed
10009,1097,3,Assam,2025-08-03 17:01:00,2025-08-03 18:39:00,98,77.94,20.28,1580.62,Card,Completed
10010,1217,13,Madhya Pradesh,2026-06-27 20:30:00,2026-06-27 20:53:00,23,13.97,15.27,213.32,Card,Completed
10011,1544,11,Karnataka,2025-10-23 19:23:00,2025-10-23 21:38:00,135,17.6,15.86,279.14,Card,Completed
10012,1599,27,Uttarakhand,2026-01-12 21:40:00,2026-01-12 22:54:00,74,34.26,13.9,476.21,Card,Completed
10013,1596,2,Arunachal Pradesh,2025-04-08 17:21:00,2025-04-08 19:35:00,134,52.83,22.46,1186.56,UPI,Completed
10014,1140,24,Telangana,2025-02-21 14:00:00,2025-02-21 14:45:00,45,43.53,14.35,624.66,RFID,Completed
10015,1104,6,Goa,2026-01-03 11:09:00,2026-01-03 13:03:00,114,17.97,23.7,425.89,RFID,Completed
10016,1013,21,Rajasthan,2025-06-05 20:02:00,2025-06-05 21:50:00,108,8.44,19.38,163.57,RFID,Cancelled
10017,1166,18,Nagaland,2025-06-09 22:34:00,2025-06-10 00:20:00,106,58.32,22.17,1292.95,Card,Completed
10018,1103,27,Uttarakhand,2026-06-27 17:37:00,2026-06-27 20:10:00,153,65.08,19.31,1256.69,Card,Completed
10019,1040,4,Bihar,2026-03-19 20:23:00,2026-03-19 20:50:00,27,40.03,15.76,630.87,Wallet,Completed
10020,1483,25,Tripura,2026-06-10 02:21:00,2026-06-10 03:02:00,41,77.91,15.19,1183.45,Wallet,Completed
10021,1133,2,Arunachal Pradesh,2026-03-05 07:58:00,2026-03-05 08:30:00,32,27.12,18.92,513.11,RFID,Completed
10022,1280,15,Manipur,2026-05-18 15:29:00,2026-05-18 15:55:00,26,74.61,22.5,1678.72,Card,Failed
10023,1598,29,Delhi,2026-05-11 09:08:00,2026-05-11 10:54:00,106,75.65,14.3,1081.8,Wallet,Cancelled
10024,1250,1,Andhra Pradesh,2026-05-27 13:44:00,2026-05-27 15:32:00,108,64.54,19.1,1232.71,Wallet,Completed
10025,1150,12,Kerala,2025-10-25 20:26:00,2025-10-25 22:12:00,106,15.48,19.16,296.6,UPI,Completed
10026,1532,7,Gujarat,2025-02-23 12:48:00,2025-02-23 14:47:00,119,63.09,20.25,1277.57,RFID,Cancelled
10027,1217,13,Madhya Pradesh,2025-05-30 00:41:00,2025-05-30 01:11:00,30,60.07,16.48,989.95,Wallet,Completed
10028,1373,2,Arunachal Pradesh,2025-05-24 02:56:00,2025-05-24 05:24:00,148,62.81,20.16,1266.25,RFID,Completed
10029,1319,11,Karnataka,2025-04-21 02:19:00,2025-04-21 04:03:00,104,76.17,16.49,1256.04,RFID,Failed
10030,1480,13,Madhya Pradesh,2025-01-12 07:32:00,2025-01-12 09:10:00,98,27.57,20.28,559.12,Wallet,Completed
10031,1582,11,Karnataka,2026-03-25 08:15:00,2026-03-25 08:54:00,39,19.54,13.42,262.23,UPI,Completed
10032,1145,29,Delhi,2026-04-16 10:32:00,2026-04-16 12:14:00,102,9.7,15.04,145.89,Wallet,Completed
10033,1518,18,Nagaland,2026-07-04 13:52:00,2026-07-04 15:45:00,113,8.5,19.91,169.24,Wallet,Completed
10034,1563,15,Manipur,2025-07-14 11:07:00,2025-07-14 12:53:00,106,53.02,13.22,700.92,Wallet,Cancelled
10035,1196,23,Tamil Nadu,2025-11-08 06:47:00,2025-11-08 08:08:00,81,94.73,17.11,1620.83,Card,Completed
10036,1026,16,Meghalaya,2025-10-05 14:49:00,2025-10-05 15:27:00,38,79.99,17.45,1395.83,UPI,Completed
10037,1464,5,Chhattisgarh,2026-05-28 18:24:00,2026-05-28 21:13:00,169,71.21,14.54,1035.39,RFID,Completed
10038,1274,1,Andhra Pradesh,2025-07-01 23:43:00,2025-07-02 00:11:00,28,7.7,16.77,129.13,Card,Completed
10039,1026,16,Meghalaya,2026-02-06 02:09:00,2026-02-06 02:36:00,27,78.72,18.57,1461.83,Card,Completed
10040,1462,2,Arunachal Pradesh,2025-10-26 01:43:00,2025-10-26 04:01:00,138,31.33,16.29,510.37,RFID,Completed
10041,1407,21,Rajasthan,2026-02-19 23:25:00,2026-02-20 00:30:00,65,23.11,23.07,533.15,UPI,Completed
10042,1476,29,Delhi,2026-06-21 14:07:00,2026-06-21 14:42:00,35,21.02,21.9,460.34,Card,Cancelled
10043,1447,27,Uttarakhand,2025-12-09 22:57:00,2025-12-10 01:53:00,176,43.06,18.21,784.12,RFID,Completed
10044,1290,1,Andhra Pradesh,2025-01-23 08:15:00,2025-01-23 08:46:00,31,73.7,20.67,1523.38,UPI,Completed
10045,1358,21,Rajasthan,2025-12-21 13:19:00,2025-12-21 15:32:00,133,72.3,17.29,1250.07,UPI,Completed
10046,1377,10,Jharkhand,2025-12-09 00:12:00,2025-12-09 02:29:00,137,93.19,14.71,1370.82,UPI,Completed
10047,1124,6,Goa,2025-03-14 00:20:00,2025-03-14 01:33:00,73,59.13,22.49,1329.83,UPI,Cancelled
10048,1057,28,West Bengal,2025-07-21 10:02:00,2025-07-21 12:29:00,147,89.29,16.54,1476.86,RFID,Completed
10049,1351,5,Chhattisgarh,2025-10-11 02:10:00,2025-10-11 03:11:00,61,21.95,16.21,355.81,RFID,Completed
10050,1365,16,Meghalaya,2026-08-06 19:12:00,2026-08-06 20:41:00,89,25.04,20.61,516.07,Wallet,Completed
10051,1093,2,Arunachal Pradesh,2025-04-04 08:11:00,2025-04-04 10:13:00,122,26.5,12.5,331.25,Wallet,Completed
10052,1062,23,Tamil Nadu,2025-04-05 01:47:00,2025-04-05 04:33:00,166,62.95,18.61,1171.5,Wallet,Completed
10053,1253,24,Telangana,2025-08-14 22:21:00,2025-08-15 00:33:00,132,84.22,23.53,1981.7,Card,Failed
10054,1368,9,Himachal Pradesh,2025-01-26 04:42:00,2025-01-26 06:31:00,109,68.88,23.41,1612.48,UPI,Completed
10055,1133,2,Arunachal Pradesh,2026-04-07 23:55:00,2026-04-08 02:45:00,170,66.13,15.03,993.93,RFID,Completed
10056,1154,8,Haryana,2026-03-15 22:09:00,2026-03-15 23:16:00,67,48.31,19.41,937.7,RFID,Failed
10057,1581,1,Andhra Pradesh,2025-11-29 18:17:00,2025-11-29 20:30:00,133,20.32,19.6,398.27,RFID,Cancelled
10058,1229,27,Uttarakhand,2025-02-20 13:48:00,2025-02-20 14:09:00,21,53.98,18.52,999.71,RFID,Completed
10059,1554,2,Arunachal Pradesh,2026-08-20 10:59:00,2026-08-20 12:55:00,116,62.68,15.72,985.33,UPI,Failed
10060,1559,18,Nagaland,2026-02-21 20:40:00,2026-02-21 21:48:00,68,26.61,18.68,497.07,Card,Completed
10061,1462,2,Arunachal Pradesh,2026-01-14 12:02:00,2026-01-14 13:01:00,59,24.71,17.96,443.79,Card,Completed
10062,1379,1,Andhra Pradesh,2025-08-13 01:46:00,2025-08-13 03:17:00,91,29.39,15.43,453.49,Wallet,Completed
10063,1024,27,Uttarakhand,2026-03-13 23:55:00,2026-03-14 01:16:00,81,11.85,15.29,181.19,Wallet,Completed
10064,1307,27,Uttarakhand,2025-09-01 11:59:00,2025-09-01 14:34:00,155,5.77,12.57,72.53,UPI,Cancelled
10065,1118,15,Manipur,2025-05-06 14:49:00,2025-05-06 15:42:00,53,46.35,23.9,1107.76,UPI,Completed
10066,1089,9,Himachal Pradesh,2026-06-01 07:10:00,2026-06-01 07:33:00,23,6.41,23.21,148.78,RFID,Cancelled
10067,1134,5,Chhattisgarh,2025-03-18 13:14:00,2025-03-18 15:53:00,159,53.4,13.84,739.06,Card,Completed
10068,1586,14,Maharashtra,2025-08-06 20:14:00,2025-08-06 22:56:00,162,44.86,19.19,860.86,RFID,Completed
10069,1369,16,Meghalaya,2026-04-14 06:12:00,2026-04-14 08:21:00,129,50.1,20.24,1014.02,Wallet,Completed
10070,1460,16,Meghalaya,2026-01-23 12:05:00,2026-01-23 13:33:00,88,54.94,21.55,1183.96,RFID,Completed
10071,1288,14,Maharashtra,2025-08-28 23:06:00,2025-08-29 01:17:00,131,33.63,17.42,585.83,Card,Completed
10072,1428,6,Goa,2025-02-08 04:13:00,2025-02-08 06:11:00,118,40.33,15.5,625.12,RFID,Completed
10073,1011,13,Madhya Pradesh,2026-05-10 15:01:00,2026-05-10 17:40:00,159,28.05,13.44,376.99,Wallet,Completed
10074,1084,6,Goa,2026-08-20 00:27:00,2026-08-20 03:17:00,170,45.87,20.81,954.55,Wallet,Completed
10075,1134,5,Chhattisgarh,2026-03-12 17:55:00,2026-03-12 20:33:00,158,35.48,13.52,479.69,RFID,Completed
10076,1013,21,Rajasthan,2026-03-22 04:18:00,2026-03-22 05:24:00,66,68.35,17.91,1224.15,Card,Completed
10077,1526,29,Delhi,2025-04-24 00:56:00,2025-04-24 02:46:00,110,8.81,19.6,172.68,Wallet,Completed
10078,1090,24,Telangana,2025-01-26 00:51:00,2025-01-26 01:48:00,57,20.22,21.3,430.69,Card,Completed
10079,1215,5,Chhattisgarh,2025-05-07 09:00:00,2025-05-07 09:34:00,34,44.12,15.97,704.6,RFID,Completed
10080,1128,11,Karnataka,2026-07-18 16:50:00,2026-07-18 17:20:00,30,55.99,23.49,1315.21,Card,Completed
10081,1584,5,Chhattisgarh,2026-04-11 02:44:00,2026-04-11 05:18:00,154,64.73,16.57,1072.58,UPI,Completed
10082,1132,22,Sikkim,2025-01-02 09:39:00,2025-01-02 10:46:00,67,53.71,12.28,659.56,Card,Completed
10083,1550,2,Arunachal Pradesh,2026-01-11 17:08:00,2026-01-11 18:29:00,81,12.93,22.16,286.53,RFID,Completed
10084,1044,19,Odisha,2025-08-04 03:35:00,2025-08-04 04:36:00,61,61.38,21.54,1322.13,UPI,Completed
10085,1277,2,Arunachal Pradesh,2025-04-05 05:09:00,2025-04-05 06:37:00,88,83.81,21.62,1811.97,RFID,Completed
10086,1548,13,Madhya Pradesh,2026-06-26 10:40:00,2026-06-26 13:38:00,178,28.28,16.09,455.03,RFID,Completed
10087,1096,3,Assam,2026-01-01 17:37:00,2026-01-01 20:16:00,159,84.26,16.77,1413.04,RFID,Completed
10088,1294,1,Andhra Pradesh,2026-01-09 18:07:00,2026-01-09 20:45:00,158,54.95,22.85,1255.61,RFID,Completed
10089,1235,27,Uttarakhand,2025-09-14 15:51:00,2025-09-14 17:13:00,82,38.29,19.78,757.38,Wallet,Completed
10090,1091,30,Jammu and Kashmir,2026-04-03 20:05:00,2026-04-03 20:40:00,35,60.46,17.14,1036.28,Wallet,Completed
10091,1593,10,Jharkhand,2025-08-10 02:55:00,2025-08-10 04:24:00,89,80.92,14.14,1144.21,Card,Completed
10092,1207,1,Andhra Pradesh,2025-12-27 23:10:00,2025-12-28 00:16:00,66,73.92,17.29,1278.08,UPI,Cancelled
10093,1221,26,Uttar Pradesh,2025-11-21 03:43:00,2025-11-21 05:59:00,136,58.12,20.34,1182.16,Wallet,Completed
10094,1568,27,Uttarakhand,2025-01-08 02:04:00,2025-01-08 03:52:00,108,47.49,16.59,787.86,RFID,Completed
10095,1129,21,Rajasthan,2026-08-15 16:24:00,2026-08-15 19:07:00,163,41.6,18.73,779.17,RFID,Completed
10096,1257,10,Jharkhand,2026-07-28 00:57:00,2026-07-28 03:52:00,175,68.48,18.16,1243.6,Wallet,Completed
10097,1025,13,Madhya Pradesh,2025-06-28 08:05:00,2025-06-28 09:49:00,104,22.46,15.42,346.33,Wallet,Completed
10098,1066,30,Jammu and Kashmir,2026-04-25 22:05:00,2026-04-25 23:17:00,72,76.22,18.98,1446.66,RFID,Completed
10099,1168,24,Telangana,2025-09-15 10:49:00,2025-09-15 12:59:00,130,12.19,21.34,260.13,Wallet,Failed
10100,1043,18,Nagaland,2026-01-02 04:02:00,2026-01-02 06:11:00,129,88.04,12.68,1116.35,Wallet,Completed
10101,1115,8,Haryana,2025-12-20 12:42:00,2025-12-20 15:18:00,156,57.03,16.51,941.57,Card,Completed
10102,1519,18,Nagaland,2026-01-28 07:35:00,2026-01-28 09:14:00,99,28.94,17.55,507.9,Wallet,Completed
10103,1181,1,Andhra Pradesh,2025-09-03 01:08:00,2025-09-03 03:02:00,114,26.19,20.72,542.66,Card,Completed
10104,1249,20,Punjab,2025-09-08 18:05:00,2025-09-08 20:59:00,174,53.57,13.55,725.87,Wallet,Completed
10105,1426,12,Kerala,2026-06-22 10:10:00,2026-06-22 12:00:00,110,80.74,12.13,979.38,Wallet,Failed
10106,1433,27,Uttarakhand,2026-07-25 15:17:00,2026-07-25 17:10:00,113,25.9,18.42,477.08,UPI,Completed
10107,1230,6,Goa,2026-07-30 14:35:00,2026-07-30 16:23:00,108,68.15,12.63,860.73,UPI,Failed
10108,1541,4,Bihar,2025-09-17 22:39:00,2025-09-17 23:11:00,32,58.84,15.17,892.6,Card,Completed
10109,1133,2,Arunachal Pradesh,2026-05-13 06:47:00,2026-05-13 09:13:00,146,38.77,23.81,923.11,UPI,Completed
10110,1316,13,Madhya Pradesh,2025-01-15 14:50:00,2025-01-15 17:45:00,175,55.28,12.71,702.61,UPI,Completed
10111,1444,20,Punjab,2026-03-22 20:22:00,2026-03-22 21:38:00,76,64.55,23.99,1548.55,RFID,Completed
10112,1304,6,Goa,2025-08-17 02:03:00,2025-08-17 04:20:00,137,18.38,17.48,321.28,Card,Completed
10113,1279,17,Mizoram,2025-08-16 10:27:00,2025-08-16 10:59:00,32,9.01,23.65,213.09,Card,Completed
10114,1181,1,Andhra Pradesh,2025-04-21 14:05:00,2025-04-21 16:25:00,140,45.37,19.51,885.17,Card,Completed
10115,1253,24,Telangana,2026-03-28 14:19:00,2026-03-28 14:48:00,29,39.22,22.46,880.88,UPI,Completed
10116,1543,7,Gujarat,2026-05-16 23:13:00,2026-05-17 02:01:00,168,45.34,17.36,787.1,Card,Completed
10117,1521,2,Arunachal Pradesh,2025-01-22 18:26:00,2025-01-22 19:30:00,64,86.83,18.15,1575.96,Wallet,Completed
10118,1584,5,Chhattisgarh,2026-03-24 20:31:00,2026-03-24 22:37:00,126,78.37,23.75,1861.29,Wallet,Completed
10119,1265,15,Manipur,2025-10-24 18:25:00,2025-10-24 19:29:00,64,66.99,20.05,1343.15,RFID,Failed
10120,1329,3,Assam,2025-12-28 05:00:00,2025-12-28 06:07:00,67,85.93,19.49,1674.78,UPI,Completed
10121,1500,2,Arunachal Pradesh,2025-12-15 10:55:00,2025-12-15 12:07:00,72,37.7,18.02,679.35,RFID,Completed
10122,1301,26,Uttar Pradesh,2025-10-18 20:10:00,2025-10-18 21:08:00,58,23.88,12.89,307.81,Card,Completed
10123,1594,10,Jharkhand,2025-10-11 09:57:00,2025-10-11 12:06:00,129,88.61,16.54,1465.61,Card,Completed
10124,1078,28,West Bengal,2025-12-02 05:37:00,2025-12-02 07:01:00,84,30.94,13.92,430.68,Wallet,Completed
10125,1209,14,Maharashtra,2025-06-06 09:46:00,2025-06-06 11:29:00,103,47.25,20.64,975.24,UPI,Completed
10126,1446,9,Himachal Pradesh,2025-03-23 12:03:00,2025-03-23 12:35:00,32,59.94,23.27,1394.8,Wallet,Completed
10127,1053,19,Odisha,2025-10-02 06:49:00,2025-10-02 08:40:00,111,46.81,23.75,1111.74,Card,Completed
10128,1569,11,Karnataka,2026-06-16 01:05:00,2026-06-16 02:22:00,77,89.01,16.36,1456.2,Wallet,Completed
10129,1371,13,Madhya Pradesh,2025-11-30 04:58:00,2025-11-30 06:30:00,92,65.36,19.23,1256.87,RFID,Completed
10130,1221,26,Uttar Pradesh,2026-06-26 06:27:00,2026-06-26 08:45:00,138,75.79,13.91,1054.24,RFID,Completed
10131,1215,5,Chhattisgarh,2026-01-30 22:14:00,2026-01-30 23:59:00,105,45.58,21.92,999.11,Wallet,Completed
10132,1475,25,Tripura,2026-05-10 04:01:00,2026-05-10 04:50:00,49,88.93,14.98,1332.17,UPI,Failed
10133,1468,21,Rajasthan,2025-12-11 22:53:00,2025-12-12 00:58:00,125,67.74,19.04,1289.77,Wallet,Completed
10134,1520,11,Karnataka,2026-03-22 20:32:00,2026-03-22 23:30:00,178,27.39,19.93,545.88,Wallet,Failed
10135,1410,7,Gujarat,2026-01-12 12:09:00,2026-01-12 14:08:00,119,49.66,21.9,1087.55,Card,Completed
10136,1523,29,Delhi,2025-12-21 21:10:00,2025-12-21 21:31:00,21,23.58,20.25,477.49,Card,Completed
10137,1362,3,Assam,2026-05-03 22:09:00,2026-05-03 22:58:00,49,9.58,14.65,140.35,UPI,Completed
10138,1171,5,Chhattisgarh,2026-03-30 20:04:00,2026-03-30 20:41:00,37,42.9,12.82,549.98,Wallet,Completed
10139,1068,28,West Bengal,2026-04-03 01:57:00,2026-04-03 04:48:00,171,76.19,18.12,1380.56,RFID,Completed
10140,1368,9,Himachal Pradesh,2025-06-19 18:57:00,2025-06-19 20:37:00,100,68.71,13.84,950.95,Card,Failed
10141,1376,14,Maharashtra,2025-10-10 00:42:00,2025-10-10 03:22:00,160,86.85,18.24,1584.14,RFID,Completed
10142,1290,1,Andhra Pradesh,2026-02-05 09:32:00,2026-02-05 12:04:00,152,79.5,12.27,975.46,RFID,Failed
10143,1008,12,Kerala,2025-01-19 00:48:00,2025-01-19 01:52:00,64,27.16,22.84,620.33,Wallet,Completed
10144,1357,2,Arunachal Pradesh,2026-04-06 20:13:00,2026-04-06 21:34:00,81,89.49,20.67,1849.76,Wallet,Completed
10145,1431,22,Sikkim,2025-01-27 18:55:00,2025-01-27 21:15:00,140,71.74,16.64,1193.75,Wallet,Completed
10146,1337,9,Himachal Pradesh,2026-02-25 11:47:00,2026-02-25 12:25:00,38,80.91,20.26,1639.24,Card,Completed
10147,1458,28,West Bengal,2026-07-10 18:42:00,2026-07-10 19:04:00,22,87.64,19.24,1686.19,RFID,Completed
10148,1280,15,Manipur,2025-05-07 19:35:00,2025-05-07 20:11:00,36,65.11,13.12,854.24,Wallet,Completed
10149,1194,6,Goa,2026-03-05 21:40:00,2026-03-05 23:58:00,138,75.42,18.37,1385.47,Wallet,Completed
10150,1353,17,Mizoram,2025-04-01 13:59:00,2025-04-01 15:34:00,95,27.44,14.7,403.37,UPI,Completed
10151,1175,13,Madhya Pradesh,2026-01-03 10:49:00,2026-01-03 11:47:00,58,62.75,21.81,1368.58,UPI,Cancelled
10152,1036,12,Kerala,2025-10-23 11:06:00,2025-10-23 13:36:00,150,8.53,15.67,133.67,Card,Failed
10153,1044,19,Odisha,2025-06-20 00:26:00,2025-06-20 03:26:00,180,68.56,21.39,1466.5,Wallet,Completed
10154,1595,27,Uttarakhand,2025-02-07 22:04:00,2025-02-07 22:49:00,45,43.18,17.1,738.38,Card,Completed
10155,1404,11,Karnataka,2025-07-05 23:45:00,2025-07-06 01:39:00,114,50.75,12.29,623.72,UPI,Completed
10156,1013,21,Rajasthan,2026-07-27 10:42:00,2026-07-27 13:12:00,150,5.91,15.3,90.42,Wallet,Completed
10157,1397,23,Tamil Nadu,2025-12-10 16:17:00,2025-12-10 17:54:00,97,43.42,18.62,808.48,RFID,Completed
10158,1495,12,Kerala,2026-04-26 06:12:00,2026-04-26 08:27:00,135,69.41,21.6,1499.26,UPI,Completed
10159,1464,5,Chhattisgarh,2026-07-23 22:05:00,2026-07-23 23:40:00,95,45.58,16.23,739.76,UPI,Completed
10160,1598,29,Delhi,2025-05-19 09:44:00,2025-05-19 12:28:00,164,28.2,14.72,415.1,UPI,Completed
10161,1006,30,Jammu and Kashmir,2025-01-26 19:30:00,2025-01-26 20:25:00,55,11.62,19.55,227.17,RFID,Failed
10162,1050,2,Arunachal Pradesh,2025-02-14 01:51:00,2025-02-14 02:15:00,24,28.46,13.95,397.02,RFID,Completed
10163,1538,2,Arunachal Pradesh,2026-01-23 09:09:00,2026-01-23 11:52:00,163,16.31,13.66,222.79,Wallet,Completed
10164,1275,9,Himachal Pradesh,2025-12-26 11:29:00,2025-12-26 13:08:00,99,66.77,12.22,815.93,Wallet,Completed
10165,1126,3,Assam,2026-02-23 15:58:00,2026-02-23 17:29:00,91,43.27,17.49,756.79,Wallet,Cancelled
10166,1245,9,Himachal Pradesh,2026-08-18 06:22:00,2026-08-18 07:23:00,61,36.42,20.04,729.86,Wallet,Cancelled
10167,1199,5,Chhattisgarh,2025-11-18 15:39:00,2025-11-18 18:10:00,151,35.74,21.35,763.05,Wallet,Completed
10168,1204,23,Tamil Nadu,2026-07-26 16:50:00,2026-07-26 18:11:00,81,94.25,14.37,1354.37,UPI,Completed
10169,1201,14,Maharashtra,2026-05-17 05:42:00,2026-05-17 08:18:00,156,92.38,23.37,2158.92,Card,Completed
10170,1480,13,Madhya Pradesh,2026-03-22 05:57:00,2026-03-22 08:44:00,167,29.04,17.72,514.59,UPI,Completed
10171,1147,17,Mizoram,2026-07-26 23:02:00,2026-07-27 02:00:00,178,51.3,15.08,773.6,RFID,Completed
10172,1508,19,Odisha,2026-05-12 06:18:00,2026-05-12 08:17:00,119,37.87,16.71,632.81,Card,Completed
10173,1109,17,Mizoram,2026-01-01 18:03:00,2026-01-01 19:12:00,69,74.16,13.07,969.27,Wallet,Completed
10174,1273,25,Tripura,2026-05-21 08:08:00,2026-05-21 09:51:00,103,51.57,12.18,628.12,UPI,Cancelled
10175,1542,17,Mizoram,2025-12-10 21:07:00,2025-12-10 22:26:00,79,88.32,19.74,1743.44,Wallet,Completed
10176,1321,3,Assam,2025-05-25 11:52:00,2025-05-25 14:43:00,171,16.78,20.11,337.45,RFID,Cancelled
10177,1202,18,Nagaland,2026-01-10 17:38:00,2026-01-10 20:12:00,154,61.27,23.84,1460.68,Wallet,Cancelled
10178,1504,29,Delhi,2026-03-20 02:53:00,2026-03-20 04:24:00,91,12.49,15.52,193.84,UPI,Completed
10179,1071,18,Nagaland,2025-09-05 06:03:00,2025-09-05 08:55:00,172,46.43,16.37,760.06,RFID,Failed
10180,1246,25,Tripura,2026-05-16 19:27:00,2026-05-16 22:13:00,166,93.2,22.59,2105.39,Card,Cancelled
10181,1016,26,Uttar Pradesh,2026-01-19 05:52:00,2026-01-19 08:21:00,149,41.84,22.74,951.44,UPI,Completed
10182,1278,20,Punjab,2026-08-21 05:40:00,2026-08-21 07:39:00,119,6.35,22.68,144.02,Wallet,Cancelled
10183,1086,24,Telangana,2026-06-25 15:59:00,2026-06-25 16:50:00,51,94.68,21.45,2030.89,Card,Completed
10184,1501,25,Tripura,2026-07-03 15:58:00,2026-07-03 17:33:00,95,76.1,21.78,1657.46,UPI,Completed
10185,1071,18,Nagaland,2026-05-27 06:00:00,2026-05-27 07:45:00,105,52.48,20.83,1093.16,Card,Completed
10186,1149,13,Madhya Pradesh,2026-04-17 09:17:00,2026-04-17 11:46:00,149,55.45,15.98,886.09,Card,Completed
10187,1505,10,Jharkhand,2025-12-10 09:36:00,2025-12-10 10:01:00,25,77.54,20.32,1575.61,UPI,Completed
10188,1549,16,Meghalaya,2025-08-27 17:42:00,2025-08-27 19:18:00,96,30.93,21.22,656.33,Card,Completed
10189,1083,1,Andhra Pradesh,2026-07-21 16:37:00,2026-07-21 17:28:00,51,20.47,15.14,309.92,Wallet,Cancelled
10190,1459,16,Meghalaya,2025-03-30 09:59:00,2025-03-30 12:56:00,177,43.06,18.79,809.1,Wallet,Completed
10191,1325,27,Uttarakhand,2026-07-01 01:51:00,2026-07-01 02:50:00,59,69.27,16.44,1138.8,Wallet,Completed
10192,1063,12,Kerala,2025-02-09 11:59:00,2025-02-09 13:45:00,106,24.39,14.4,351.22,RFID,Completed
10193,1411,10,Jharkhand,2026-04-14 02:35:00,2026-04-14 04:14:00,99,76.47,23.63,1806.99,UPI,Cancelled
10194,1540,11,Karnataka,2026-03-21 16:40:00,2026-03-21 18:16:00,96,71.85,16.97,1219.29,Card,Completed
10195,1588,25,Tripura,2025-04-14 23:48:00,2025-04-15 02:09:00,141,87.56,16.7,1462.25,Card,Cancelled
10196,1310,9,Himachal Pradesh,2026-03-24 13:07:00,2026-03-24 15:50:00,163,57.18,16.44,940.04,Wallet,Completed
10197,1464,5,Chhattisgarh,2025-03-26 09:09:00,2025-03-26 12:06:00,177,45.63,23.26,1061.35,Card,Completed
10198,1015,15,Manipur,2025-10-18 09:21:00,2025-10-18 10:28:00,67,30.0,22.44,673.2,RFID,Completed
10199,1253,24,Telangana,2026-05-30 06:17:00,2026-05-30 08:07:00,110,13.27,17.34,230.1,Wallet,Completed
10200,1553,28,West Bengal,2025-04-18 18:23:00,2025-04-18 21:21:00,178,33.02,18.81,621.11,Wallet,Completed
10201,1151,19,Odisha,2025-03-27 15:23:00,2025-03-27 16:12:00,49,60.79,12.99,789.66,RFID,Completed
10202,1280,15,Manipur,2025-05-13 10:52:00,2025-05-13 13:39:00,167,27.82,15.97,444.29,Card,Completed
10203,1386,27,Uttarakhand,2025-06-26 12:40:00,2025-06-26 14:50:00,130,88.53,18.36,1625.41,Card,Completed
10204,1376,14,Maharashtra,2025-11-21 18:27:00,2025-11-21 20:01:00,94,71.76,21.08,1512.7,UPI,Cancelled
10205,1308,24,Telangana,2026-02-08 16:50:00,2026-02-08 18:31:00,101,56.36,17.81,1003.77,Card,Completed
10206,1422,2,Arunachal Pradesh,2026-01-13 23:23:00,2026-01-14 02:18:00,175,71.38,19.2,1370.5,Card,Completed
10207,1075,20,Punjab,2026-08-23 23:05:00,2026-08-24 00:23:00,78,91.13,12.73,1160.08,UPI,Completed
10208,1354,26,Uttar Pradesh,2026-01-14 10:09:00,2026-01-14 10:59:00,50,60.44,13.49,815.34,RFID,Completed
10209,1423,12,Kerala,2026-07-15 20:05:00,2026-07-15 22:49:00,164,83.34,18.7,1558.46,RFID,Completed
10210,1121,26,Uttar Pradesh,2026-07-02 20:18:00,2026-07-02 22:11:00,113,90.31,17.82,1609.32,Card,Completed
10211,1014,23,Tamil Nadu,2025-05-23 20:39:00,2025-05-23 21:48:00,69,44.19,15.0,662.85,Wallet,Completed
10212,1548,13,Madhya Pradesh,2026-01-19 07:32:00,2026-01-19 08:05:00,33,72.6,23.2,1684.32,Card,Cancelled
10213,1083,1,Andhra Pradesh,2025-01-29 02:51:00,2025-01-29 04:18:00,87,73.35,22.63,1659.91,RFID,Completed
10214,1456,17,Mizoram,2026-03-17 09:17:00,2026-03-17 09:47:00,30,61.21,17.0,1040.57,RFID,Completed
10215,1245,9,Himachal Pradesh,2025-11-10 03:53:00,2025-11-10 06:46:00,173,72.43,23.24,1683.27,RFID,Completed
10216,1290,1,Andhra Pradesh,2025-12-01 00:58:00,2025-12-01 03:41:00,163,87.1,22.71,1978.04,Wallet,Completed
10217,1220,28,West Bengal,2025-11-01 18:26:00,2025-11-01 20:32:00,126,33.01,21.24,701.13,UPI,Completed
10218,1189,26,Uttar Pradesh,2025-07-04 22:40:00,2025-07-05 00:47:00,127,6.04,15.6,94.22,Wallet,Completed
10219,1555,7,Gujarat,2026-03-18 02:21:00,2026-03-18 04:45:00,144,5.08,21.09,107.14,RFID,Cancelled
10220,1077,20,Punjab,2025-01-05 14:11:00,2025-01-05 16:43:00,152,46.92,18.14,851.13,RFID,Completed
10221,1378,23,Tamil Nadu,2025-12-07 08:12:00,2025-12-07 10:37:00,145,74.77,18.32,1369.79,UPI,Completed
10222,1183,30,Jammu and Kashmir,2026-07-13 19:00:00,2026-07-13 20:09:00,69,25.7,13.78,354.15,UPI,Completed
10223,1468,21,Rajasthan,2026-04-20 00:01:00,2026-04-20 01:07:00,66,78.66,23.88,1878.4,Card,Completed
10224,1518,18,Nagaland,2025-01-30 21:01:00,2025-01-30 23:32:00,151,93.47,15.29,1429.16,RFID,Completed
10225,1263,30,Jammu and Kashmir,2026-08-20 08:34:00,2026-08-20 08:55:00,21,57.96,18.68,1082.69,Wallet,Completed
10226,1271,30,Jammu and Kashmir,2025-09-06 05:50:00,2025-09-06 08:31:00,161,42.45,12.2,517.89,UPI,Completed
10227,1276,6,Goa,2026-07-20 23:57:00,2026-07-21 00:56:00,59,33.12,16.18,535.88,RFID,Cancelled
10228,1283,29,Delhi,2025-04-04 01:17:00,2025-04-04 03:13:00,116,42.46,15.19,644.97,UPI,Completed
10229,1484,17,Mizoram,2026-05-30 00:16:00,2026-05-30 02:31:00,135,59.62,17.87,1065.41,Wallet,Cancelled
10230,1148,27,Uttarakhand,2026-07-26 06:13:00,2026-07-26 06:55:00,42,51.07,15.84,808.95,UPI,Completed
10231,1222,20,Punjab,2025-08-21 09:58:00,2025-08-21 10:32:00,34,49.29,13.13,647.18,Wallet,Completed
10232,1018,23,Tamil Nadu,2026-06-28 19:43:00,2026-06-28 22:42:00,179,91.23,12.13,1106.62,Card,Completed
10233,1464,5,Chhattisgarh,2025-05-05 07:02:00,2025-05-05 08:17:00,75,6.37,22.33,142.24,Card,Completed
10234,1194,6,Goa,2025-11-05 05:33:00,2025-11-05 06:48:00,75,59.07,20.18,1192.03,Wallet,Completed
10235,1184,20,Punjab,2026-05-11 22:32:00,2026-05-12 00:50:00,138,46.43,12.47,578.98,RFID,Cancelled
10236,1084,6,Goa,2026-06-29 17:49:00,2026-06-29 20:47:00,178,54.81,12.38,678.55,Card,Completed
10237,1183,30,Jammu and Kashmir,2025-11-13 22:28:00,2025-11-14 01:08:00,160,61.24,21.36,1308.09,RFID,Completed
10238,1539,28,West Bengal,2025-01-30 05:43:00,2025-01-30 06:27:00,44,81.06,17.76,1439.63,Wallet,Completed
10239,1432,8,Haryana,2026-02-28 20:35:00,2026-02-28 22:06:00,91,53.49,15.09,807.16,Card,Completed
10240,1401,27,Uttarakhand,2025-02-22 18:16:00,2025-02-22 20:14:00,118,54.82,19.39,1062.96,RFID,Completed
10241,1560,21,Rajasthan,2025-01-29 06:45:00,2025-01-29 09:07:00,142,8.03,20.09,161.32,Wallet,Completed
10242,1576,22,Sikkim,2026-02-15 07:35:00,2026-02-15 08:19:00,44,51.7,13.68,707.26,UPI,Completed
10243,1094,23,Tamil Nadu,2025-01-16 10:22:00,2025-01-16 10:56:00,34,73.64,17.13,1261.45,RFID,Completed
10244,1039,11,Karnataka,2025-01-28 08:09:00,2025-01-28 10:16:00,127,27.54,22.69,624.88,Wallet,Completed
10245,1047,29,Delhi,2026-07-22 11:47:00,2026-07-22 13:10:00,83,20.35,13.63,277.37,Card,Completed
10246,1368,9,Himachal Pradesh,2025-01-01 01:04:00,2025-01-01 01:31:00,27,12.72,17.53,222.98,RFID,Completed
10247,1501,25,Tripura,2026-08-15 00:58:00,2026-08-15 01:36:00,38,27.04,20.6,557.02,Wallet,Completed
10248,1372,30,Jammu and Kashmir,2025-04-20 04:34:00,2025-04-20 06:39:00,125,43.47,23.54,1023.28,RFID,Completed
10249,1239,13,Madhya Pradesh,2026-02-13 20:39:00,2026-02-13 23:29:00,170,81.61,20.17,1646.07,Wallet,Completed
10250,1222,20,Punjab,2025-11-07 19:24:00,2025-11-07 20:45:00,81,75.57,19.47,1471.35,UPI,Completed
10251,1161,15,Manipur,2025-06-23 21:16:00,2025-06-23 23:29:00,133,31.24,15.4,481.1,UPI,Completed
10252,1002,11,Karnataka,2025-01-11 02:48:00,2025-01-11 05:00:00,132,76.14,14.32,1090.32,RFID,Completed
10253,1180,30,Jammu and Kashmir,2025-04-13 14:28:00,2025-04-13 15:59:00,91,82.45,17.69,1458.54,Card,Completed
10254,1065,5,Chhattisgarh,2025-08-14 14:48:00,2025-08-14 15:34:00,46,37.85,15.28,578.35,Wallet,Completed
10255,1262,23,Tamil Nadu,2026-05-13 16:56:00,2026-05-13 19:54:00,178,16.68,21.0,350.28,Wallet,Cancelled
10256,1498,26,Uttar Pradesh,2026-06-20 21:08:00,2026-06-20 21:51:00,43,8.64,16.83,145.41,RFID,Cancelled
10257,1386,27,Uttarakhand,2025-05-25 04:06:00,2025-05-25 05:21:00,75,85.51,14.21,1215.1,Wallet,Completed
10258,1356,12,Kerala,2025-05-21 10:52:00,2025-05-21 12:22:00,90,51.3,20.56,1054.73,Wallet,Completed
10259,1148,27,Uttarakhand,2025-03-12 13:31:00,2025-03-12 15:31:00,120,40.82,15.72,641.69,Card,Failed
10260,1442,21,Rajasthan,2025-01-30 14:28:00,2025-01-30 16:32:00,124,88.0,17.76,1562.88,RFID,Completed
10261,1405,8,Haryana,2025-11-29 10:40:00,2025-11-29 12:31:00,111,57.65,23.96,1381.29,Wallet,Completed
10262,1026,16,Meghalaya,2025-08-05 03:31:00,2025-08-05 06:23:00,172,14.81,13.3,196.97,UPI,Completed
10263,1023,23,Tamil Nadu,2026-08-06 22:11:00,2026-08-07 01:08:00,177,65.1,12.71,827.42,Wallet,Completed
10264,1267,18,Nagaland,2026-07-21 23:40:00,2026-07-22 00:11:00,31,36.86,21.85,805.39,Wallet,Completed
10265,1401,27,Uttarakhand,2026-07-03 23:55:00,2026-07-04 02:44:00,169,27.59,20.86,575.53,Wallet,Completed
10266,1511,17,Mizoram,2025-03-02 09:38:00,2025-03-02 10:27:00,49,94.81,15.1,1431.63,Card,Cancelled
10267,1338,22,Sikkim,2026-04-07 17:22:00,2026-04-07 19:16:00,114,86.74,15.71,1362.69,RFID,Completed
10268,1009,3,Assam,2025-11-05 06:08:00,2025-11-05 07:15:00,67,9.82,20.51,201.41,Wallet,Completed
10269,1108,17,Mizoram,2025-02-13 13:08:00,2025-02-13 14:00:00,52,22.17,18.63,413.03,UPI,Completed
10270,1358,21,Rajasthan,2025-03-05 08:57:00,2025-03-05 10:59:00,122,10.37,21.75,225.55,UPI,Completed
10271,1146,16,Meghalaya,2026-03-22 11:41:00,2026-03-22 13:00:00,79,57.2,13.07,747.6,Card,Completed
10272,1111,9,Himachal Pradesh,2025-09-14 13:12:00,2025-09-14 14:21:00,69,94.84,21.37,2026.73,Wallet,Completed
10273,1314,27,Uttarakhand,2025-01-23 23:04:00,2025-01-24 00:57:00,113,45.99,21.95,1009.48,UPI,Completed
10274,1016,26,Uttar Pradesh,2025-06-14 12:07:00,2025-06-14 13:44:00,97,88.47,18.25,1614.58,Card,Completed
10275,1193,18,Nagaland,2025-03-03 21:42:00,2025-03-04 00:04:00,142,73.86,17.64,1302.89,UPI,Completed
10276,1102,13,Madhya Pradesh,2026-05-28 14:45:00,2026-05-28 15:30:00,45,74.25,13.88,1030.59,Wallet,Completed
10277,1291,12,Kerala,2025-03-30 12:23:00,2025-03-30 15:23:00,180,5.19,16.56,85.95,UPI,Completed
10278,1294,1,Andhra Pradesh,2025-12-12 07:55:00,2025-12-12 10:43:00,168,37.85,22.85,864.87,UPI,Completed
10279,1559,18,Nagaland,2026-07-12 13:54:00,2026-07-12 14:27:00,33,9.77,14.92,145.77,Wallet,Completed
10280,1522,15,Manipur,2025-07-21 03:27:00,2025-07-21 04:07:00,40,6.73,21.9,147.39,UPI,Completed
10281,1213,26,Uttar Pradesh,2026-04-22 22:19:00,2026-04-22 22:43:00,24,49.74,21.71,1079.86,UPI,Completed
10282,1492,14,Maharashtra,2026-06-24 17:23:00,2026-06-24 18:56:00,93,34.97,16.8,587.5,RFID,Completed
10283,1224,25,Tripura,2026-06-05 21:11:00,2026-06-05 22:08:00,57,30.08,13.91,418.41,Wallet,Completed
10284,1351,5,Chhattisgarh,2026-05-19 06:09:00,2026-05-19 06:51:00,42,56.11,12.5,701.38,RFID,Cancelled
10285,1175,13,Madhya Pradesh,2026-04-10 08:06:00,2026-04-10 08:45:00,39,90.53,12.87,1165.12,RFID,Completed
10286,1036,12,Kerala,2026-01-21 19:24:00,2026-01-21 21:53:00,149,39.45,13.89,547.96,RFID,Completed
10287,1359,16,Meghalaya,2025-04-15 11:14:00,2025-04-15 13:07:00,113,23.47,15.51,364.02,UPI,Completed
10288,1043,18,Nagaland,2025-07-01 18:25:00,2025-07-01 18:48:00,23,80.4,13.83,1111.93,UPI,Cancelled
10289,1162,19,Odisha,2025-06-11 13:41:00,2025-06-11 16:22:00,161,71.01,16.66,1183.03,Card,Completed
10290,1230,6,Goa,2026-03-15 19:06:00,2026-03-15 21:01:00,115,35.93,13.85,497.63,Card,Completed
10291,1473,18,Nagaland,2025-08-27 15:51:00,2025-08-27 16:35:00,44,5.09,19.2,97.73,Wallet,Completed
10292,1345,15,Manipur,2025-10-31 19:53:00,2025-10-31 21:26:00,93,46.32,15.02,695.73,UPI,Completed
10293,1191,5,Chhattisgarh,2026-06-06 22:04:00,2026-06-07 00:45:00,161,6.84,12.2,83.45,RFID,Completed
10294,1259,4,Bihar,2025-01-12 08:55:00,2025-01-12 11:05:00,130,21.12,13.24,279.63,Wallet,Completed
10295,1562,29,Delhi,2025-10-27 17:33:00,2025-10-27 18:38:00,65,77.53,13.59,1053.63,Wallet,Completed
10296,1507,11,Karnataka,2026-07-21 23:53:00,2026-07-22 01:33:00,100,34.41,17.98,618.69,RFID,Completed
10297,1147,17,Mizoram,2026-06-27 04:48:00,2026-06-27 05:14:00,26,74.25,14.94,1109.3,Card,Completed
10298,1186,4,Bihar,2025-10-28 13:29:00,2025-10-28 14:30:00,61,53.02,13.69,725.84,Wallet,Completed
10299,1369,16,Meghalaya,2025-12-24 11:31:00,2025-12-24 14:14:00,163,17.4,19.35,336.69,Wallet,Failed
10300,1256,26,Uttar Pradesh,2025-11-06 18:09:00,2025-11-06 20:58:00,169,31.82,12.42,395.2,UPI,Completed
10301,1569,11,Karnataka,2025-09-12 04:56:00,2025-09-12 07:46:00,170,10.59,21.2,224.51,UPI,Cancelled
10302,1567,29,Delhi,2026-04-16 15:48:00,2026-04-16 17:10:00,82,29.62,13.46,398.69,Card,Completed
10303,1575,11,Karnataka,2025-11-20 14:32:00,2025-11-20 16:10:00,98,63.23,17.93,1133.71,RFID,Cancelled
10304,1236,18,Nagaland,2025-05-30 23:23:00,2025-05-31 00:08:00,45,89.71,19.19,1721.53,Wallet,Completed
10305,1196,23,Tamil Nadu,2026-03-01 16:10:00,2026-03-01 17:54:00,104,42.15,21.17,892.32,Wallet,Completed
10306,1030,27,Uttarakhand,2025-03-05 19:00:00,2025-03-05 19:57:00,57,72.36,21.11,1527.52,Wallet,Completed
10307,1180,30,Jammu and Kashmir,2026-02-15 03:40:00,2026-02-15 05:51:00,131,76.61,16.03,1228.06,UPI,Completed
10308,1146,16,Meghalaya,2026-04-05 16:24:00,2026-04-05 18:42:00,138,48.11,13.25,637.46,Wallet,Completed
10309,1468,21,Rajasthan,2025-09-13 01:44:00,2025-09-13 04:12:00,148,33.86,19.91,674.15,UPI,Completed
10310,1339,12,Kerala,2025-11-05 06:04:00,2025-11-05 07:18:00,74,44.19,16.82,743.28,Card,Completed
10311,1219,4,Bihar,2025-10-15 14:50:00,2025-10-15 16:49:00,119,50.89,13.26,674.8,Card,Completed
10312,1223,17,Mizoram,2025-11-13 07:59:00,2025-11-13 10:46:00,167,5.79,14.28,82.68,Wallet,Completed
10313,1429,28,West Bengal,2026-04-13 22:32:00,2026-04-14 01:08:00,156,52.23,18.53,967.82,UPI,Completed
10314,1544,11,Karnataka,2026-01-06 19:13:00,2026-01-06 21:54:00,161,46.39,14.3,663.38,RFID,Completed
10315,1312,10,Jharkhand,2025-09-10 07:09:00,2025-09-10 08:11:00,62,92.88,22.82,2119.52,RFID,Completed
10316,1084,6,Goa,2026-02-06 10:38:00,2026-02-06 13:38:00,180,39.1,22.73,888.74,Card,Completed
10317,1052,24,Telangana,2025-11-22 21:24:00,2025-11-22 22:27:00,63,11.75,22.75,267.31,RFID,Completed
10318,1478,5,Chhattisgarh,2026-04-14 02:13:00,2026-04-14 03:40:00,87,61.33,16.91,1037.09,UPI,Cancelled
10319,1013,21,Rajasthan,2025-01-18 13:41:00,2025-01-18 14:30:00,49,59.86,13.09,783.57,RFID,Completed
10320,1490,5,Chhattisgarh,2026-01-28 21:05:00,2026-01-28 23:41:00,156,64.52,22.94,1480.09,Wallet,Completed
10321,1043,18,Nagaland,2025-07-14 18:04:00,2025-07-14 19:58:00,114,83.41,20.98,1749.94,RFID,Completed
10322,1413,10,Jharkhand,2026-05-14 21:18:00,2026-05-14 21:56:00,38,17.61,16.18,284.93,Wallet,Completed
10323,1185,14,Maharashtra,2025-12-28 17:59:00,2025-12-28 18:46:00,47,83.69,13.61,1139.02,UPI,Completed
10324,1196,23,Tamil Nadu,2026-03-16 12:29:00,2026-03-16 14:18:00,109,60.33,22.83,1377.33,Wallet,Completed
10325,1506,20,Punjab,2026-03-16 07:12:00,2026-03-16 08:57:00,105,52.27,14.5,757.92,Card,Completed
10326,1174,6,Goa,2025-11-05 22:06:00,2025-11-06 00:06:00,120,32.39,20.19,653.95,RFID,Cancelled
10327,1105,12,Kerala,2025-08-24 11:52:00,2025-08-24 12:58:00,66,20.11,17.03,342.47,UPI,Completed
10328,1441,14,Maharashtra,2025-05-27 14:07:00,2025-05-27 16:28:00,141,24.3,12.89,313.23,UPI,Completed
10329,1167,10,Jharkhand,2025-05-14 10:02:00,2025-05-14 11:35:00,93,81.0,18.83,1525.23,UPI,Completed
10330,1234,16,Meghalaya,2025-07-26 22:49:00,2025-07-27 01:13:00,144,55.83,17.65,985.4,Card,Completed
10331,1245,9,Himachal Pradesh,2025-03-12 04:29:00,2025-03-12 04:50:00,21,69.09,17.07,1179.37,Wallet,Failed
10332,1248,27,Uttarakhand,2026-06-12 17:25:00,2026-06-12 17:53:00,28,42.21,17.54,740.36,UPI,Completed
10333,1081,21,Rajasthan,2025-11-29 12:03:00,2025-11-29 13:05:00,62,72.37,17.25,1248.38,Wallet,Completed
10334,1300,3,Assam,2025-03-28 23:03:00,2025-03-29 01:37:00,154,58.8,12.18,716.18,UPI,Completed
10335,1342,12,Kerala,2025-08-07 02:56:00,2025-08-07 05:07:00,131,31.81,17.47,555.72,UPI,Completed
10336,1256,26,Uttar Pradesh,2026-08-03 10:03:00,2026-08-03 11:22:00,79,11.15,23.46,261.58,Card,Completed
10337,1245,9,Himachal Pradesh,2026-03-15 13:40:00,2026-03-15 14:55:00,75,92.11,17.73,1633.11,RFID,Cancelled
10338,1516,16,Meghalaya,2025-05-06 11:37:00,2025-05-06 12:32:00,55,44.88,13.99,627.87,Wallet,Completed
10339,1366,26,Uttar Pradesh,2025-06-01 23:30:00,2025-06-02 01:20:00,110,72.48,13.64,988.63,UPI,Failed
10340,1568,27,Uttarakhand,2025-11-26 10:21:00,2025-11-26 11:05:00,44,22.59,12.13,274.02,RFID,Completed
10341,1193,18,Nagaland,2026-03-06 22:33:00,2026-03-06 23:12:00,39,84.9,20.33,1726.02,Card,Completed
10342,1193,18,Nagaland,2025-04-28 18:38:00,2025-04-28 19:30:00,52,62.06,16.37,1015.92,UPI,Completed
10343,1407,21,Rajasthan,2026-04-27 23:38:00,2026-04-28 01:51:00,133,37.78,14.52,548.57,RFID,Completed
10344,1564,8,Haryana,2026-02-24 13:06:00,2026-02-24 13:42:00,36,22.57,13.98,315.53,RFID,Completed
10345,1312,10,Jharkhand,2026-01-24 18:36:00,2026-01-24 20:39:00,123,57.16,22.53,1287.81,Wallet,Cancelled
10346,1149,13,Madhya Pradesh,2025-02-24 13:51:00,2025-02-24 14:52:00,61,59.56,18.69,1113.18,UPI,Completed
10347,1437,15,Manipur,2025-11-19 18:04:00,2025-11-19 18:42:00,38,35.52,20.52,728.87,RFID,Completed
10348,1104,6,Goa,2025-01-12 12:15:00,2025-01-12 15:01:00,166,28.45,19.75,561.89,UPI,Cancelled
10349,1154,8,Haryana,2026-06-25 20:10:00,2026-06-25 22:27:00,137,74.43,12.03,895.39,Wallet,Completed
10350,1143,10,Jharkhand,2026-02-17 15:11:00,2026-02-17 15:50:00,39,76.47,14.43,1103.46,Wallet,Completed
10351,1064,18,Nagaland,2025-07-17 23:24:00,2025-07-18 01:54:00,150,33.58,16.33,548.36,Card,Failed
10352,1506,20,Punjab,2025-03-02 22:05:00,2025-03-02 23:37:00,92,5.79,20.59,119.22,Card,Cancelled
10353,1573,27,Uttarakhand,2026-03-15 10:39:00,2026-03-15 12:07:00,88,68.65,20.06,1377.12,Card,Completed
10354,1122,9,Himachal Pradesh,2025-04-30 16:29:00,2025-04-30 18:31:00,122,6.67,20.39,136.0,Card,Failed
10355,1070,30,Jammu and Kashmir,2025-06-02 23:59:00,2025-06-03 00:29:00,30,89.81,23.84,2141.07,Card,Completed
10356,1336,10,Jharkhand,2025-03-14 02:45:00,2025-03-14 04:11:00,86,58.63,19.73,1156.77,Card,Cancelled
10357,1439,17,Mizoram,2026-07-31 11:54:00,2026-07-31 13:49:00,115,85.08,20.4,1735.63,RFID,Completed
10358,1516,16,Meghalaya,2025-05-05 19:29:00,2025-05-05 20:39:00,70,90.92,13.54,1231.06,RFID,Failed
10359,1537,10,Jharkhand,2026-07-12 13:14:00,2026-07-12 14:18:00,64,81.67,18.29,1493.74,Card,Completed
10360,1399,15,Manipur,2025-11-28 17:38:00,2025-11-28 18:34:00,56,27.99,18.08,506.06,Card,Cancelled
10361,1263,30,Jammu and Kashmir,2025-04-25 18:21:00,2025-04-25 20:54:00,153,63.58,17.7,1125.37,Card,Completed
10362,1129,21,Rajasthan,2025-01-04 10:39:00,2025-01-04 13:00:00,141,52.04,18.6,967.94,Card,Completed
10363,1592,22,Sikkim,2025-02-08 05:26:00,2025-02-08 08:00:00,154,85.02,23.25,1976.71,Card,Completed
10364,1189,26,Uttar Pradesh,2026-03-24 15:41:00,2026-03-24 18:13:00,152,14.4,17.39,250.42,UPI,Completed
10365,1113,7,Gujarat,2025-08-10 18:29:00,2025-08-10 20:24:00,115,50.97,18.68,952.12,Card,Completed
10366,1312,10,Jharkhand,2026-06-02 08:16:00,2026-06-02 08:52:00,36,43.92,21.8,957.46,Card,Completed
10367,1402,30,Jammu and Kashmir,2025-09-14 07:08:00,2025-09-14 08:45:00,97,81.14,17.67,1433.74,Card,Completed
10368,1135,29,Delhi,2025-12-29 12:59:00,2025-12-29 13:28:00,29,71.56,14.97,1071.25,UPI,Completed
10369,1493,11,Karnataka,2025-03-14 21:06:00,2025-03-14 21:43:00,37,12.27,16.65,204.3,RFID,Completed
10370,1472,11,Karnataka,2025-06-24 14:42:00,2025-06-24 15:20:00,38,63.04,14.81,933.62,UPI,Failed
10371,1189,26,Uttar Pradesh,2026-04-03 22:36:00,2026-04-04 01:33:00,177,67.16,22.11,1484.91,RFID,Completed
10372,1361,13,Madhya Pradesh,2025-01-20 17:20:00,2025-01-20 18:53:00,93,24.43,13.53,330.54,UPI,Completed
10373,1079,23,Tamil Nadu,2026-02-11 20:56:00,2026-02-11 21:57:00,61,76.09,19.87,1511.91,Card,Completed
10374,1005,1,Andhra Pradesh,2026-06-08 19:23:00,2026-06-08 21:09:00,106,42.31,22.11,935.47,Wallet,Completed
10375,1331,28,West Bengal,2025-02-06 15:08:00,2025-02-06 17:49:00,161,77.62,15.53,1205.44,Card,Completed
10376,1115,8,Haryana,2025-07-20 11:23:00,2025-07-20 13:04:00,101,10.42,12.98,135.25,RFID,Completed
10377,1030,27,Uttarakhand,2025-12-16 05:05:00,2025-12-16 05:55:00,50,7.28,21.0,152.88,UPI,Completed
10378,1547,29,Delhi,2025-12-04 10:30:00,2025-12-04 12:35:00,125,77.45,14.76,1143.16,RFID,Completed
10379,1055,15,Manipur,2025-09-16 06:26:00,2025-09-16 06:53:00,27,57.62,17.05,982.42,UPI,Completed
10380,1258,16,Meghalaya,2026-01-19 04:04:00,2026-01-19 06:37:00,153,22.83,12.31,281.04,RFID,Failed
10381,1309,1,Andhra Pradesh,2025-06-10 23:09:00,2025-06-10 23:37:00,28,32.99,15.84,522.56,UPI,Completed
10382,1011,13,Madhya Pradesh,2025-03-26 11:29:00,2025-03-26 13:50:00,141,25.03,24.0,600.72,RFID,Cancelled
10383,1212,24,Telangana,2025-04-19 03:39:00,2025-04-19 06:31:00,172,83.74,22.31,1868.24,Wallet,Completed
10384,1554,2,Arunachal Pradesh,2026-06-25 08:13:00,2026-06-25 08:50:00,37,40.53,20.93,848.29,Card,Failed
10385,1540,11,Karnataka,2025-04-27 20:25:00,2025-04-27 22:05:00,100,90.19,14.96,1349.24,RFID,Completed
10386,1122,9,Himachal Pradesh,2026-01-25 16:23:00,2026-01-25 18:45:00,142,71.3,17.5,1247.75,Card,Completed
10387,1326,28,West Bengal,2026-03-21 21:28:00,2026-03-21 22:08:00,40,84.08,16.28,1368.82,Card,Completed
10388,1184,20,Punjab,2026-07-07 17:07:00,2026-07-07 17:57:00,50,8.87,22.44,199.04,UPI,Completed
10389,1008,12,Kerala,2025-10-20 10:48:00,2025-10-20 11:22:00,34,48.22,22.44,1082.06,RFID,Completed
10390,1371,13,Madhya Pradesh,2026-05-24 23:42:00,2026-05-25 01:24:00,102,85.17,19.06,1623.34,UPI,Completed
10391,1490,5,Chhattisgarh,2025-11-13 17:22:00,2025-11-13 19:48:00,146,25.01,18.54,463.69,Card,Completed
10392,1579,26,Uttar Pradesh,2025-11-26 23:57:00,2025-11-27 02:27:00,150,94.43,13.11,1237.98,Card,Completed
10393,1178,2,Arunachal Pradesh,2025-01-22 22:06:00,2025-01-22 22:35:00,29,82.46,18.26,1505.72,UPI,Failed
10394,1013,21,Rajasthan,2026-02-08 14:06:00,2026-02-08 16:56:00,170,68.25,12.5,853.12,RFID,Completed
10395,1252,5,Chhattisgarh,2026-04-18 03:14:00,2026-04-18 04:58:00,104,8.06,22.11,178.21,Wallet,Cancelled
10396,1097,3,Assam,2025-08-05 07:33:00,2025-08-05 10:07:00,154,6.39,15.28,97.64,Wallet,Completed
10397,1012,26,Uttar Pradesh,2026-07-15 06:45:00,2026-07-15 08:21:00,96,90.07,19.3,1738.35,RFID,Completed
10398,1166,18,Nagaland,2025-09-07 06:43:00,2025-09-07 08:05:00,82,16.01,23.31,373.19,Wallet,Cancelled
10399,1321,3,Assam,2025-04-27 12:37:00,2025-04-27 14:15:00,98,20.15,21.21,427.38,UPI,Completed
10400,1210,22,Sikkim,2025-07-08 18:55:00,2025-07-08 21:21:00,146,58.59,17.39,1018.88,UPI,Completed
10401,1005,1,Andhra Pradesh,2025-12-13 20:39:00,2025-12-13 23:23:00,164,72.95,13.07,953.46,Card,Completed
10402,1271,30,Jammu and Kashmir,2026-08-20 03:48:00,2026-08-20 04:22:00,34,13.2,12.59,166.19,UPI,Completed
10403,1450,6,Goa,2025-12-28 09:30:00,2025-12-28 11:42:00,132,29.09,22.94,667.32,Wallet,Completed
10404,1218,11,Karnataka,2025-11-30 07:29:00,2025-11-30 08:02:00,33,76.56,12.16,930.97,Wallet,Cancelled
10405,1419,24,Telangana,2026-08-09 21:00:00,2026-08-09 21:28:00,28,39.28,17.28,678.76,UPI,Completed
10406,1259,4,Bihar,2026-07-20 07:29:00,2026-07-20 08:07:00,38,45.54,19.76,899.87,UPI,Completed
10407,1253,24,Telangana,2026-02-01 04:29:00,2026-02-01 05:34:00,65,24.03,18.44,443.11,RFID,Completed
10408,1008,12,Kerala,2025-07-01 09:08:00,2025-07-01 10:30:00,82,94.36,12.86,1213.47,RFID,Completed
10409,1119,30,Jammu and Kashmir,2025-12-19 13:44:00,2025-12-19 14:34:00,50,71.07,13.25,941.68,Wallet,Completed
10410,1412,12,Kerala,2025-06-10 14:01:00,2025-06-10 16:14:00,133,64.02,19.7,1261.19,Card,Completed
10411,1140,24,Telangana,2026-06-09 18:00:00,2026-06-09 19:03:00,63,83.89,23.14,1941.21,RFID,Completed
10412,1356,12,Kerala,2025-02-02 19:32:00,2025-02-02 21:42:00,130,38.14,19.76,753.65,Wallet,Completed
10413,1382,24,Telangana,2025-09-15 08:05:00,2025-09-15 09:37:00,92,40.92,17.38,711.19,Card,Completed
10414,1342,12,Kerala,2026-04-29 01:05:00,2026-04-29 02:20:00,75,71.82,23.39,1679.87,Card,Completed
10415,1191,5,Chhattisgarh,2025-12-25 12:03:00,2025-12-25 14:51:00,168,32.89,22.8,749.89,RFID,Failed
10416,1087,16,Meghalaya,2026-05-13 14:17:00,2026-05-13 15:46:00,89,89.78,14.59,1309.89,RFID,Completed
10417,1055,15,Manipur,2025-11-12 08:31:00,2025-11-12 09:39:00,68,47.24,16.16,763.4,Card,Completed
10418,1149,13,Madhya Pradesh,2026-04-14 19:27:00,2026-04-14 20:06:00,39,71.56,17.2,1230.83,Wallet,Completed
10419,1395,10,Jharkhand,2025-05-23 04:30:00,2025-05-23 07:26:00,176,9.29,23.51,218.41,RFID,Completed
10420,1110,21,Rajasthan,2025-09-01 16:11:00,2025-09-01 18:06:00,115,49.87,16.2,807.89,Card,Completed
10421,1051,16,Meghalaya,2026-08-22 08:46:00,2026-08-22 09:20:00,34,61.02,14.53,886.62,RFID,Failed
10422,1494,19,Odisha,2025-10-11 22:33:00,2025-10-12 00:27:00,114,30.2,15.28,461.46,UPI,Completed
10423,1415,12,Kerala,2026-08-06 08:40:00,2026-08-06 10:29:00,109,65.42,23.88,1562.23,Wallet,Failed
10424,1086,24,Telangana,2026-04-11 19:34:00,2026-04-11 21:55:00,141,59.69,13.84,826.11,RFID,Completed
10425,1421,1,Andhra Pradesh,2025-01-01 15:03:00,2025-01-01 17:31:00,148,21.98,18.83,413.88,UPI,Completed
10426,1024,27,Uttarakhand,2025-10-21 05:07:00,2025-10-21 08:02:00,175,40.07,19.28,772.55,Card,Completed
10427,1430,6,Goa,2025-03-25 14:28:00,2025-03-25 15:18:00,50,44.37,15.07,668.66,UPI,Completed
10428,1396,23,Tamil Nadu,2026-06-29 13:07:00,2026-06-29 14:48:00,101,64.5,12.53,808.18,Wallet,Completed
10429,1176,6,Goa,2026-06-12 01:21:00,2026-06-12 03:46:00,145,44.72,12.79,571.97,Card,Failed
10430,1343,14,Maharashtra,2026-02-14 10:13:00,2026-02-14 13:08:00,175,42.21,17.08,720.95,UPI,Completed
10431,1403,17,Mizoram,2025-11-24 12:53:00,2025-11-24 13:41:00,48,62.28,16.73,1041.94,Wallet,Completed
10432,1449,26,Uttar Pradesh,2026-08-08 04:44:00,2026-08-08 05:48:00,64,21.81,18.12,395.2,Wallet,Completed
10433,1594,10,Jharkhand,2025-06-30 08:31:00,2025-06-30 08:56:00,25,25.79,22.49,580.02,RFID,Completed
10434,1253,24,Telangana,2025-01-23 01:46:00,2025-01-23 04:02:00,136,36.6,16.33,597.68,Card,Completed
10435,1305,16,Meghalaya,2025-03-25 16:42:00,2025-03-25 17:40:00,58,34.57,23.43,809.98,UPI,Cancelled
10436,1507,11,Karnataka,2025-05-20 21:44:00,2025-05-21 00:19:00,155,29.72,15.28,454.12,UPI,Completed
10437,1492,14,Maharashtra,2025-01-27 04:10:00,2025-01-27 07:07:00,177,70.41,22.74,1601.12,Wallet,Completed
10438,1438,13,Madhya Pradesh,2026-08-10 23:11:00,2026-08-11 00:00:00,49,52.96,21.11,1117.99,RFID,Completed
10439,1368,9,Himachal Pradesh,2025-11-07 05:10:00,2025-11-07 08:04:00,174,32.0,15.38,492.16,Wallet,Completed
10440,1519,18,Nagaland,2025-12-22 12:13:00,2025-12-22 14:22:00,129,18.26,20.33,371.23,RFID,Completed
10441,1360,4,Bihar,2026-01-03 03:11:00,2026-01-03 06:04:00,173,9.81,19.38,190.12,Card,Completed
10442,1565,3,Assam,2025-07-23 12:36:00,2025-07-23 14:01:00,85,54.84,20.77,1139.03,Wallet,Cancelled
10443,1137,6,Goa,2025-01-03 00:48:00,2025-01-03 03:22:00,154,64.79,14.57,943.99,RFID,Completed
10444,1498,26,Uttar Pradesh,2025-12-17 17:54:00,2025-12-17 20:35:00,161,9.6,23.45,225.12,RFID,Completed
10445,1599,27,Uttarakhand,2025-01-19 01:35:00,2025-01-19 02:02:00,27,50.8,17.58,893.06,Card,Completed
10446,1361,13,Madhya Pradesh,2025-07-21 16:49:00,2025-07-21 17:43:00,54,59.19,17.46,1033.46,UPI,Completed
10447,1369,16,Meghalaya,2025-05-23 05:50:00,2025-05-23 07:10:00,80,66.6,12.23,814.52,Card,Completed
10448,1243,10,Jharkhand,2026-04-06 20:10:00,2026-04-06 20:32:00,22,73.95,12.82,948.04,Card,Completed
10449,1112,24,Telangana,2025-09-24 22:52:00,2025-09-25 01:23:00,151,70.68,13.98,988.11,Card,Failed
10450,1018,23,Tamil Nadu,2025-06-03 03:10:00,2025-06-03 06:04:00,174,87.52,22.21,1943.82,RFID,Completed
10451,1528,5,Chhattisgarh,2025-04-14 19:55:00,2025-04-14 21:29:00,94,37.68,23.42,882.47,Wallet,Cancelled
10452,1309,1,Andhra Pradesh,2026-01-09 13:09:00,2026-01-09 14:17:00,68,91.79,16.85,1546.66,Wallet,Completed
10453,1444,20,Punjab,2025-12-30 21:10:00,2025-12-30 22:48:00,98,75.38,23.62,1780.48,RFID,Failed
10454,1247,21,Rajasthan,2025-03-21 19:21:00,2025-03-21 21:02:00,101,6.57,14.31,94.02,Wallet,Completed
10455,1038,25,Tripura,2025-04-28 15:41:00,2025-04-28 17:57:00,136,17.52,14.63,256.32,RFID,Completed
10456,1298,26,Uttar Pradesh,2026-02-12 07:32:00,2026-02-12 10:25:00,173,17.17,15.27,262.19,Card,Completed
10457,1285,16,Meghalaya,2025-01-11 11:55:00,2025-01-11 14:10:00,135,83.16,16.6,1380.46,Wallet,Completed
10458,1394,21,Rajasthan,2025-09-29 11:29:00,2025-09-29 12:10:00,41,66.98,15.39,1030.82,RFID,Completed
10459,1473,18,Nagaland,2026-03-23 04:51:00,2026-03-23 07:49:00,178,93.28,16.28,1518.6,UPI,Failed
10460,1095,14,Maharashtra,2025-12-14 08:44:00,2025-12-14 11:33:00,169,62.07,13.52,839.19,Card,Completed
10461,1148,27,Uttarakhand,2026-01-14 13:48:00,2026-01-14 15:56:00,128,84.48,23.65,1997.95,RFID,Completed
10462,1169,18,Nagaland,2025-05-26 13:25:00,2025-05-26 16:19:00,174,80.56,19.08,1537.08,UPI,Completed
10463,1254,11,Karnataka,2025-08-01 03:20:00,2025-08-01 05:54:00,154,81.08,15.56,1261.6,Card,Completed
10464,1230,6,Goa,2025-01-26 06:15:00,2025-01-26 07:52:00,97,13.89,16.99,235.99,RFID,Completed
10465,1329,3,Assam,2025-07-21 20:18:00,2025-07-21 22:39:00,141,31.18,15.2,473.94,UPI,Failed
10466,1571,2,Arunachal Pradesh,2025-06-26 13:39:00,2025-06-26 14:04:00,25,79.82,16.38,1307.45,UPI,Completed
10467,1251,23,Tamil Nadu,2026-07-25 12:51:00,2026-07-25 15:47:00,176,47.78,14.31,683.73,RFID,Cancelled
10468,1237,19,Odisha,2025-05-22 11:29:00,2025-05-22 13:41:00,132,78.57,18.09,1421.33,Wallet,Completed
10469,1432,8,Haryana,2025-08-07 14:11:00,2025-08-07 16:28:00,137,75.72,15.56,1178.2,Wallet,Completed
10470,1034,25,Tripura,2025-06-23 12:54:00,2025-06-23 14:20:00,86,61.98,18.65,1155.93,Wallet,Completed
10471,1079,23,Tamil Nadu,2026-07-25 14:41:00,2026-07-25 15:29:00,48,29.06,15.33,445.49,UPI,Completed
10472,1244,27,Uttarakhand,2025-12-26 06:31:00,2025-12-26 09:12:00,161,14.06,17.08,240.14,Card,Completed
10473,1077,20,Punjab,2026-08-18 23:58:00,2026-08-19 02:13:00,135,55.1,15.83,872.23,RFID,Cancelled
10474,1156,15,Manipur,2025-02-11 07:26:00,2025-02-11 08:02:00,36,66.5,15.15,1007.48,Card,Completed
10475,1432,8,Haryana,2025-02-26 07:38:00,2025-02-26 09:53:00,135,24.39,23.98,584.87,Wallet,Failed
10476,1372,30,Jammu and Kashmir,2026-04-20 03:03:00,2026-04-20 05:11:00,128,93.92,21.4,2009.89,UPI,Completed
10477,1220,28,West Bengal,2025-12-01 05:34:00,2025-12-01 07:50:00,136,56.91,13.99,796.17,Wallet,Completed
10478,1308,24,Telangana,2026-05-19 02:02:00,2026-05-19 04:39:00,157,56.62,23.32,1320.38,Card,Completed
10479,1157,5,Chhattisgarh,2026-02-24 07:52:00,2026-02-24 08:32:00,40,75.83,18.55,1406.65,RFID,Completed
10480,1161,15,Manipur,2025-07-14 09:53:00,2025-07-14 11:30:00,97,46.27,20.36,942.06,UPI,Completed
10481,1036,12,Kerala,2025-05-06 08:46:00,2025-05-06 09:37:00,51,14.83,23.39,346.87,Card,Cancelled
10482,1279,17,Mizoram,2025-06-06 22:02:00,2025-06-06 22:23:00,21,88.8,16.34,1450.99,UPI,Completed
10483,1110,21,Rajasthan,2025-02-14 08:27:00,2025-02-14 09:53:00,86,38.81,13.69,531.31,Wallet,Completed
10484,1113,7,Gujarat,2026-04-03 05:45:00,2026-04-03 06:49:00,64,50.65,21.65,1096.57,Card,Completed
10485,1378,23,Tamil Nadu,2025-01-12 16:29:00,2025-01-12 17:03:00,34,91.75,14.4,1321.2,Card,Completed
10486,1582,11,Karnataka,2025-10-29 03:51:00,2025-10-29 04:44:00,53,36.51,14.69,536.33,Card,Completed
10487,1423,12,Kerala,2025-11-26 13:39:00,2025-11-26 14:22:00,43,68.73,21.99,1511.37,RFID,Completed
10488,1186,4,Bihar,2025-08-12 15:10:00,2025-08-12 15:41:00,31,45.56,17.09,778.62,RFID,Completed
10489,1339,12,Kerala,2026-07-04 19:47:00,2026-07-04 20:12:00,25,82.87,18.8,1557.96,Wallet,Completed
10490,1009,3,Assam,2026-06-03 05:33:00,2026-06-03 07:44:00,131,59.62,18.78,1119.66,Card,Completed
10491,1072,2,Arunachal Pradesh,2026-08-17 11:58:00,2026-08-17 14:46:00,168,42.27,15.04,635.74,Card,Completed
10492,1518,18,Nagaland,2025-02-14 23:31:00,2025-02-15 00:33:00,62,28.71,12.05,345.96,RFID,Completed
10493,1047,29,Delhi,2025-04-08 21:33:00,2025-04-08 22:50:00,77,51.85,20.69,1072.78,Wallet,Completed
10494,1252,5,Chhattisgarh,2025-04-18 07:25:00,2025-04-18 08:19:00,54,16.5,23.38,385.77,Card,Completed
10495,1374,18,Nagaland,2026-05-03 01:06:00,2026-05-03 04:01:00,175,50.15,12.28,615.84,Wallet,Completed
10496,1163,15,Manipur,2025-06-27 05:37:00,2025-06-27 08:03:00,146,42.28,12.53,529.77,RFID,Completed
10497,1424,15,Manipur,2026-03-19 01:32:00,2026-03-19 02:44:00,72,85.98,16.03,1378.26,UPI,Completed
10498,1116,26,Uttar Pradesh,2026-01-03 10:07:00,2026-01-03 10:30:00,23,28.92,13.81,399.39,Card,Completed
10499,1016,26,Uttar Pradesh,2025-10-18 05:02:00,2025-10-18 07:05:00,123,33.65,12.66,426.01,Wallet,Completed
10500,1073,24,Telangana,2026-01-03 18:44:00,2026-01-03 20:29:00,105,16.57,13.05,216.24,Wallet,Completed
10501,1416,30,Jammu and Kashmir,2026-02-12 22:53:00,2026-02-13 01:52:00,179,7.25,21.43,155.37,RFID,Completed
10502,1415,12,Kerala,2026-03-04 01:58:00,2026-03-04 02:57:00,59,78.72,12.84,1010.76,RFID,Failed
10503,1558,25,Tripura,2025-08-21 11:56:00,2025-08-21 14:33:00,157,73.45,17.83,1309.61,RFID,Completed
10504,1136,15,Manipur,2025-11-16 23:37:00,2025-11-17 01:11:00,94,67.93,12.27,833.5,UPI,Cancelled
10505,1476,29,Delhi,2025-01-31 23:08:00,2025-02-01 00:48:00,100,16.04,21.87,350.79,RFID,Completed
10506,1191,5,Chhattisgarh,2025-12-01 00:45:00,2025-12-01 02:18:00,93,14.02,16.23,227.54,RFID,Cancelled
10507,1114,14,Maharashtra,2025-10-10 13:46:00,2025-10-10 15:02:00,76,37.33,18.97,708.15,Wallet,Completed
10508,1501,25,Tripura,2025-05-15 01:53:00,2025-05-15 02:41:00,48,90.53,23.99,2171.81,UPI,Cancelled
10509,1236,18,Nagaland,2026-05-12 19:42:00,2026-05-12 22:30:00,168,85.26,22.97,1958.42,Card,Failed
10510,1563,15,Manipur,2025-01-05 13:23:00,2025-01-05 14:34:00,71,90.6,12.92,1170.55,Card,Completed
10511,1205,8,Haryana,2026-07-17 11:20:00,2026-07-17 11:40:00,20,94.3,16.76,1580.47,Card,Completed
10512,1187,23,Tamil Nadu,2026-07-06 08:16:00,2026-07-06 08:38:00,22,53.07,14.62,775.88,Card,Completed
10513,1351,5,Chhattisgarh,2025-09-21 02:48:00,2025-09-21 04:41:00,113,29.41,23.37,687.31,UPI,Completed
10514,1378,23,Tamil Nadu,2025-02-24 18:32:00,2025-02-24 21:08:00,156,34.6,19.84,686.46,UPI,Completed
10515,1332,15,Manipur,2025-03-04 07:51:00,2025-03-04 08:36:00,45,84.66,12.54,1061.64,UPI,Completed
10516,1148,27,Uttarakhand,2025-01-17 16:22:00,2025-01-17 17:08:00,46,13.09,13.58,177.76,UPI,Completed
10517,1330,21,Rajasthan,2025-12-30 13:18:00,2025-12-30 15:04:00,106,18.35,19.63,360.21,RFID,Completed
10518,1466,2,Arunachal Pradesh,2025-03-12 02:40:00,2025-03-12 04:37:00,117,22.71,12.19,276.83,RFID,Completed
10519,1097,3,Assam,2025-04-08 02:30:00,2025-04-08 04:46:00,136,27.75,15.74,436.79,Card,Failed
10520,1189,26,Uttar Pradesh,2025-06-06 01:31:00,2025-06-06 02:57:00,86,10.39,12.23,127.07,UPI,Completed
10521,1287,24,Telangana,2025-09-05 19:06:00,2025-09-05 21:11:00,125,28.8,13.56,390.53,Wallet,Completed
10522,1181,1,Andhra Pradesh,2026-04-10 03:32:00,2026-04-10 04:09:00,37,45.44,20.5,931.52,Card,Completed
10523,1413,10,Jharkhand,2026-02-20 15:52:00,2026-02-20 17:28:00,96,31.34,15.87,497.37,Wallet,Completed
10524,1257,10,Jharkhand,2025-11-06 22:08:00,2025-11-06 22:48:00,40,5.5,12.51,68.8,RFID,Completed
10525,1416,30,Jammu and Kashmir,2026-02-03 10:24:00,2026-02-03 12:31:00,127,82.22,20.84,1713.46,UPI,Completed
10526,1455,5,Chhattisgarh,2025-08-28 10:16:00,2025-08-28 11:55:00,99,77.92,22.07,1719.69,Card,Completed
10527,1393,24,Telangana,2026-08-11 08:03:00,2026-08-11 10:11:00,128,11.7,21.8,255.06,Wallet,Completed
10528,1328,7,Gujarat,2025-08-16 10:46:00,2025-08-16 13:38:00,172,62.06,15.08,935.86,RFID,Completed
10529,1363,26,Uttar Pradesh,2025-05-27 00:04:00,2025-05-27 01:43:00,99,14.93,14.87,222.01,RFID,Completed
10530,1239,13,Madhya Pradesh,2025-10-20 00:09:00,2025-10-20 00:33:00,24,8.82,13.92,122.77,Card,Completed
10531,1318,11,Karnataka,2025-08-21 04:28:00,2025-08-21 07:04:00,156,92.78,20.45,1897.35,RFID,Cancelled
10532,1229,27,Uttarakhand,2026-05-07 10:51:00,2026-05-07 11:43:00,52,71.54,19.92,1425.08,Card,Cancelled
10533,1356,12,Kerala,2025-06-10 00:13:00,2025-06-10 00:51:00,38,21.46,17.64,378.55,RFID,Failed
10534,1196,23,Tamil Nadu,2026-05-01 01:52:00,2026-05-01 03:45:00,113,30.0,20.01,600.3,UPI,Completed
10535,1575,11,Karnataka,2025-06-24 14:20:00,2025-06-24 14:58:00,38,19.43,20.59,400.06,Wallet,Completed
10536,1070,30,Jammu and Kashmir,2026-04-04 05:14:00,2026-04-04 05:56:00,42,89.68,14.33,1285.11,RFID,Completed
10537,1264,10,Jharkhand,2025-05-22 23:50:00,2025-05-23 01:15:00,85,24.98,16.11,402.43,Wallet,Completed
10538,1100,6,Goa,2026-02-15 21:16:00,2026-02-15 23:27:00,131,43.72,19.04,832.43,RFID,Completed
10539,1183,30,Jammu and Kashmir,2025-05-10 20:04:00,2025-05-10 20:36:00,32,31.14,16.08,500.73,Wallet,Completed
10540,1534,18,Nagaland,2026-04-17 22:30:00,2026-04-17 23:47:00,77,75.83,17.54,1330.06,Card,Failed
10541,1519,18,Nagaland,2025-08-13 13:52:00,2025-08-13 14:57:00,65,13.4,14.07,188.54,RFID,Failed
10542,1416,30,Jammu and Kashmir,2025-12-25 03:28:00,2025-12-25 05:29:00,121,43.38,18.32,794.72,Wallet,Completed
10543,1084,6,Goa,2025-06-01 11:26:00,2025-06-01 13:24:00,118,92.29,23.1,2131.9,RFID,Failed
10544,1463,20,Punjab,2026-01-22 20:28:00,2026-01-22 21:11:00,43,52.88,16.28,860.89,Card,Completed
10545,1089,9,Himachal Pradesh,2025-06-09 11:12:00,2025-06-09 13:37:00,145,48.15,19.02,915.81,RFID,Completed
10546,1260,15,Manipur,2025-10-06 05:42:00,2025-10-06 06:30:00,48,61.59,19.56,1204.7,RFID,Completed
10547,1570,14,Maharashtra,2026-04-15 07:35:00,2026-04-15 08:19:00,44,26.7,13.85,369.79,UPI,Completed
10548,1482,22,Sikkim,2025-10-20 18:24:00,2025-10-20 18:47:00,23,20.28,12.0,243.36,Wallet,Cancelled
10549,1471,25,Tripura,2026-08-15 18:08:00,2026-08-15 19:00:00,52,91.29,17.3,1579.32,Card,Completed
10550,1475,25,Tripura,2025-12-05 08:52:00,2025-12-05 10:39:00,107,10.01,13.49,135.03,Wallet,Cancelled
10551,1149,13,Madhya Pradesh,2026-04-20 10:35:00,2026-04-20 13:15:00,160,11.03,22.75,250.93,RFID,Completed
10552,1538,2,Arunachal Pradesh,2025-11-08 20:07:00,2025-11-08 20:36:00,29,52.41,13.15,689.19,Card,Completed
10553,1435,13,Madhya Pradesh,2026-07-11 23:46:00,2026-07-12 01:21:00,95,70.74,14.73,1042.0,RFID,Completed
10554,1075,20,Punjab,2025-03-28 07:23:00,2025-03-28 08:30:00,67,60.42,13.56,819.3,Wallet,Completed
10555,1048,22,Sikkim,2026-07-08 02:38:00,2026-07-08 03:09:00,31,26.86,20.81,558.96,Card,Completed
10556,1181,1,Andhra Pradesh,2025-05-26 19:04:00,2025-05-26 21:35:00,151,14.22,20.85,296.49,Wallet,Completed
10557,1440,22,Sikkim,2025-06-02 02:15:00,2025-06-02 03:29:00,74,26.48,20.28,537.01,UPI,Completed
10558,1408,5,Chhattisgarh,2025-04-02 09:10:00,2025-04-02 09:42:00,32,39.92,14.23,568.06,RFID,Failed
10559,1042,26,Uttar Pradesh,2025-05-01 10:20:00,2025-05-01 13:18:00,178,85.14,22.99,1957.37,RFID,Completed
10560,1501,25,Tripura,2026-03-27 13:49:00,2026-03-27 15:00:00,71,38.31,14.08,539.4,Wallet,Completed
10561,1470,29,Delhi,2025-05-18 10:55:00,2025-05-18 12:47:00,112,6.78,13.41,90.92,UPI,Completed
10562,1515,26,Uttar Pradesh,2026-04-15 09:07:00,2026-04-15 11:39:00,152,12.92,20.46,264.34,Wallet,Completed
10563,1460,16,Meghalaya,2025-04-26 10:34:00,2025-04-26 12:02:00,88,81.24,15.72,1277.09,RFID,Completed
10564,1600,28,West Bengal,2026-01-21 17:15:00,2026-01-21 19:09:00,114,42.99,19.42,834.87,UPI,Failed
10565,1561,6,Goa,2025-02-17 13:04:00,2025-02-17 15:17:00,133,33.87,16.65,563.94,RFID,Completed
10566,1395,10,Jharkhand,2026-06-03 12:00:00,2026-06-03 14:07:00,127,41.12,12.34,507.42,RFID,Completed
10567,1457,17,Mizoram,2025-09-05 12:23:00,2025-09-05 13:02:00,39,56.56,16.82,951.34,UPI,Completed
10568,1454,24,Telangana,2025-05-17 08:34:00,2025-05-17 09:00:00,26,6.72,12.41,83.4,Wallet,Completed
10569,1525,16,Meghalaya,2026-01-11 21:41:00,2026-01-11 22:07:00,26,5.42,22.48,121.84,Wallet,Completed
10570,1030,27,Uttarakhand,2025-12-07 23:49:00,2025-12-08 02:41:00,172,53.69,22.71,1219.3,Wallet,Completed
10571,1399,15,Manipur,2025-01-27 13:13:00,2025-01-27 15:33:00,140,16.46,22.85,376.11,RFID,Completed
10572,1589,14,Maharashtra,2025-12-17 16:42:00,2025-12-17 17:02:00,20,34.62,22.63,783.45,Card,Cancelled
10573,1001,21,Rajasthan,2025-03-10 01:46:00,2025-03-10 04:22:00,156,11.54,22.04,254.34,Card,Completed
10574,1398,22,Sikkim,2026-02-17 15:33:00,2026-02-17 16:32:00,59,68.49,20.11,1377.33,UPI,Completed
10575,1526,29,Delhi,2025-10-02 20:11:00,2025-10-02 21:36:00,85,55.87,17.37,970.46,Wallet,Completed
10576,1159,12,Kerala,2026-07-05 12:16:00,2026-07-05 14:44:00,148,91.23,14.6,1331.96,Card,Completed
10577,1542,17,Mizoram,2025-09-26 20:47:00,2025-09-26 23:21:00,154,61.12,16.29,995.64,RFID,Completed
10578,1555,7,Gujarat,2025-03-26 05:55:00,2025-03-26 07:35:00,100,93.49,21.7,2028.73,UPI,Completed
10579,1138,20,Punjab,2025-05-16 18:27:00,2025-05-16 19:32:00,65,50.89,21.73,1105.84,UPI,Completed
10580,1411,10,Jharkhand,2026-04-02 04:41:00,2026-04-02 06:13:00,92,22.06,12.38,273.1,Wallet,Completed
10581,1210,22,Sikkim,2025-01-04 11:03:00,2025-01-04 13:37:00,154,34.07,17.57,598.61,Wallet,Completed
10582,1435,13,Madhya Pradesh,2026-03-22 16:40:00,2026-03-22 19:30:00,170,83.78,14.27,1195.54,Card,Completed
10583,1329,3,Assam,2025-06-29 22:31:00,2025-06-30 01:05:00,154,54.84,16.16,886.21,RFID,Completed
10584,1483,25,Tripura,2025-10-14 05:16:00,2025-10-14 07:07:00,111,61.47,18.79,1155.02,Card,Completed
10585,1045,9,Himachal Pradesh,2025-08-26 08:08:00,2025-08-26 08:33:00,25,74.53,15.9,1185.03,Wallet,Completed
10586,1197,12,Kerala,2025-06-05 07:06:00,2025-06-05 07:42:00,36,71.85,19.91,1430.53,UPI,Completed
10587,1188,11,Karnataka,2026-05-28 23:45:00,2026-05-29 00:05:00,20,15.16,17.17,260.3,Wallet,Completed
10588,1292,5,Chhattisgarh,2025-07-16 15:57:00,2025-07-16 18:25:00,148,44.39,23.62,1048.49,RFID,Completed
10589,1566,23,Tamil Nadu,2025-11-12 11:58:00,2025-11-12 13:57:00,119,29.08,21.84,635.11,UPI,Completed
10590,1330,21,Rajasthan,2026-02-06 20:39:00,2026-02-06 22:10:00,91,77.19,21.47,1657.27,Wallet,Completed
10591,1587,23,Tamil Nadu,2025-07-09 18:58:00,2025-07-09 21:00:00,122,34.48,23.08,795.8,Card,Completed
10592,1083,1,Andhra Pradesh,2025-10-19 07:48:00,2025-10-19 10:39:00,171,46.72,19.36,904.5,RFID,Cancelled
10593,1522,15,Manipur,2025-01-22 00:33:00,2025-01-22 01:00:00,27,84.09,22.03,1852.5,Wallet,Failed
10594,1301,26,Uttar Pradesh,2025-05-16 16:32:00,2025-05-16 17:58:00,86,14.08,19.05,268.22,RFID,Completed
10595,1570,14,Maharashtra,2026-01-11 22:12:00,2026-01-12 01:00:00,168,47.64,19.78,942.32,Card,Completed
10596,1584,5,Chhattisgarh,2025-01-26 06:08:00,2025-01-26 07:40:00,92,27.65,17.15,474.2,UPI,Completed
10597,1111,9,Himachal Pradesh,2025-06-04 07:02:00,2025-06-04 07:48:00,46,24.37,15.89,387.24,Card,Completed
10598,1047,29,Delhi,2025-10-06 00:17:00,2025-10-06 02:02:00,105,18.86,16.52,311.57,UPI,Completed
10599,1131,23,Tamil Nadu,2026-07-02 00:45:00,2026-07-02 01:50:00,65,35.94,19.37,696.16,RFID,Completed
10600,1133,2,Arunachal Pradesh,2025-07-17 03:31:00,2025-07-17 04:28:00,57,37.61,16.38,616.05,RFID,Completed
10601,1560,21,Rajasthan,2025-12-15 20:56:00,2025-12-15 22:14:00,78,66.3,12.46,826.1,Wallet,Completed
10602,1567,29,Delhi,2025-02-20 13:52:00,2025-02-20 16:27:00,155,54.83,22.16,1215.03,Card,Completed
10603,1437,15,Manipur,2025-09-15 23:53:00,2025-09-16 00:49:00,56,11.54,20.57,237.38,UPI,Completed
10604,1545,3,Assam,2025-01-27 01:55:00,2025-01-27 04:45:00,170,86.55,14.27,1235.07,Card,Completed
10605,1534,18,Nagaland,2026-05-27 10:56:00,2026-05-27 12:32:00,96,33.01,17.4,574.37,RFID,Completed
10606,1557,4,Bihar,2025-07-12 20:41:00,2025-07-12 23:16:00,155,50.23,14.11,708.75,UPI,Completed
10607,1081,21,Rajasthan,2026-02-26 20:38:00,2026-02-26 22:24:00,106,85.84,18.98,1629.24,RFID,Completed
10608,1543,7,Gujarat,2025-12-21 03:18:00,2025-12-21 06:15:00,177,60.92,18.26,1112.4,RFID,Cancelled
10609,1010,21,Rajasthan,2025-06-20 15:41:00,2025-06-20 16:50:00,69,5.45,20.13,109.71,Card,Cancelled
10610,1038,25,Tripura,2025-08-18 11:09:00,2025-08-18 12:47:00,98,11.6,14.35,166.46,Card,Completed
10611,1067,1,Andhra Pradesh,2025-07-03 11:28:00,2025-07-03 13:54:00,146,46.91,17.6,825.62,RFID,Completed
10612,1345,15,Manipur,2025-03-26 13:49:00,2025-03-26 14:49:00,60,60.34,23.73,1431.87,RFID,Completed
10613,1438,13,Madhya Pradesh,2026-05-23 06:16:00,2026-05-23 08:08:00,112,7.96,19.26,153.31,Card,Completed
10614,1529,22,Sikkim,2025-08-22 02:41:00,2025-08-22 03:36:00,55,14.25,12.64,180.12,Card,Cancelled
10615,1516,16,Meghalaya,2025-03-09 11:40:00,2025-03-09 14:06:00,146,50.96,12.99,661.97,Wallet,Completed
10616,1232,13,Madhya Pradesh,2026-03-04 07:58:00,2026-03-04 09:14:00,76,63.55,14.55,924.65,UPI,Completed
10617,1278,20,Punjab,2025-10-05 07:25:00,2025-10-05 09:34:00,129,91.11,15.59,1420.4,UPI,Completed
10618,1501,25,Tripura,2026-03-10 09:18:00,2026-03-10 10:51:00,93,44.31,20.89,925.64,UPI,Completed
10619,1321,3,Assam,2026-03-14 08:09:00,2026-03-14 10:54:00,165,76.22,19.78,1507.63,Card,Completed
10620,1538,2,Arunachal Pradesh,2025-04-17 11:05:00,2025-04-17 13:41:00,156,88.7,20.49,1817.46,Wallet,Completed
10621,1526,29,Delhi,2025-09-16 14:24:00,2025-09-16 15:54:00,90,59.13,20.06,1186.15,Wallet,Completed
10622,1143,10,Jharkhand,2026-01-13 21:22:00,2026-01-13 22:17:00,55,63.11,23.83,1503.91,RFID,Completed
10623,1192,11,Karnataka,2025-10-16 03:21:00,2025-10-16 03:46:00,25,31.32,12.98,406.53,Wallet,Completed
10624,1491,18,Nagaland,2026-02-28 23:05:00,2026-03-01 01:26:00,141,61.23,22.67,1388.08,Card,Completed
10625,1218,11,Karnataka,2025-05-27 20:30:00,2025-05-27 21:06:00,36,49.65,17.17,852.49,RFID,Completed
10626,1453,8,Haryana,2026-01-29 08:23:00,2026-01-29 10:13:00,110,58.06,16.13,936.51,Wallet,Completed
10627,1428,6,Goa,2025-07-13 07:29:00,2025-07-13 10:23:00,174,50.46,23.5,1185.81,RFID,Completed
10628,1309,1,Andhra Pradesh,2025-07-04 10:33:00,2025-07-04 13:08:00,155,78.81,22.56,1777.95,Card,Completed
10629,1400,14,Maharashtra,2026-06-25 17:08:00,2026-06-25 18:34:00,86,40.95,17.53,717.85,Wallet,Completed
10630,1537,10,Jharkhand,2025-04-08 05:59:00,2025-04-08 08:47:00,168,17.63,19.05,335.85,RFID,Completed
10631,1068,28,West Bengal,2026-02-02 17:35:00,2026-02-02 19:28:00,113,57.05,20.41,1164.39,Card,Completed
10632,1343,14,Maharashtra,2025-09-21 04:16:00,2025-09-21 05:27:00,71,16.57,13.1,217.07,UPI,Completed
10633,1115,8,Haryana,2025-11-15 19:39:00,2025-11-15 19:59:00,20,21.95,18.01,395.32,Wallet,Completed
10634,1031,14,Maharashtra,2026-02-09 11:56:00,2026-02-09 14:16:00,140,36.5,22.15,808.47,UPI,Completed
10635,1255,19,Odisha,2026-06-01 08:17:00,2026-06-01 11:17:00,180,19.03,21.48,408.76,UPI,Cancelled
10636,1242,5,Chhattisgarh,2026-03-06 01:26:00,2026-03-06 04:04:00,158,81.94,15.03,1231.56,Card,Completed
10637,1543,7,Gujarat,2026-03-15 12:35:00,2026-03-15 12:56:00,21,78.0,21.28,1659.84,UPI,Completed
10638,1222,20,Punjab,2025-06-19 11:22:00,2025-06-19 13:26:00,124,27.68,15.92,440.67,UPI,Completed
10639,1015,15,Manipur,2026-04-28 06:57:00,2026-04-28 08:53:00,116,36.99,15.38,568.91,RFID,Completed
10640,1341,17,Mizoram,2025-07-15 03:47:00,2025-07-15 05:59:00,132,19.88,23.22,461.61,Card,Completed
10641,1419,24,Telangana,2026-04-20 19:17:00,2026-04-20 21:13:00,116,61.24,12.18,745.9,Card,Failed
10642,1121,26,Uttar Pradesh,2025-03-10 04:11:00,2025-03-10 06:53:00,162,49.06,17.47,857.08,UPI,Completed
10643,1540,11,Karnataka,2026-02-19 02:43:00,2026-02-19 05:30:00,167,66.37,18.49,1227.18,Wallet,Completed
10644,1074,28,West Bengal,2026-06-19 08:43:00,2026-06-19 09:14:00,31,59.01,13.88,819.06,Wallet,Completed
10645,1048,22,Sikkim,2025-09-09 22:52:00,2025-09-09 23:46:00,54,62.39,15.65,976.4,Card,Completed
10646,1463,20,Punjab,2026-06-13 21:15:00,2026-06-14 00:01:00,166,8.92,14.61,130.32,Wallet,Completed
10647,1581,1,Andhra Pradesh,2026-03-02 06:03:00,2026-03-02 07:45:00,102,84.21,14.57,1226.94,Wallet,Completed
10648,1299,7,Gujarat,2026-01-07 05:21:00,2026-01-07 07:17:00,116,75.29,16.4,1234.76,UPI,Completed
10649,1024,27,Uttarakhand,2026-03-13 18:36:00,2026-03-13 19:54:00,78,56.35,17.31,975.42,RFID,Completed
10650,1267,18,Nagaland,2026-07-18 00:55:00,2026-07-18 02:42:00,107,21.99,12.76,280.59,UPI,Failed
10651,1431,22,Sikkim,2026-06-28 06:27:00,2026-06-28 09:09:00,162,38.8,23.75,921.5,Card,Completed
10652,1066,30,Jammu and Kashmir,2026-03-30 22:49:00,2026-03-31 01:20:00,151,87.19,14.78,1288.67,RFID,Cancelled
10653,1220,28,West Bengal,2025-05-28 17:36:00,2025-05-28 19:46:00,130,94.85,20.34,1929.25,Card,Completed
10654,1450,6,Goa,2025-06-18 13:23:00,2025-06-18 15:01:00,98,47.11,18.81,886.14,Card,Completed
10655,1382,24,Telangana,2026-03-21 03:44:00,2026-03-21 06:26:00,162,70.69,22.45,1586.99,UPI,Completed
10656,1123,19,Odisha,2025-12-23 13:43:00,2025-12-23 16:41:00,178,75.0,15.55,1166.25,Card,Failed
10657,1001,21,Rajasthan,2025-05-27 07:34:00,2025-05-27 09:09:00,95,59.49,20.47,1217.76,Wallet,Completed
10658,1553,28,West Bengal,2025-12-19 02:26:00,2025-12-19 04:57:00,151,41.08,17.17,705.34,Card,Completed
10659,1399,15,Manipur,2025-05-14 11:26:00,2025-05-14 12:07:00,41,39.52,12.19,481.75,RFID,Completed
10660,1376,14,Maharashtra,2025-04-21 03:41:00,2025-04-21 04:55:00,74,50.61,22.08,1117.47,UPI,Completed
10661,1243,10,Jharkhand,2025-12-18 03:35:00,2025-12-18 04:28:00,53,13.46,19.45,261.8,RFID,Completed
10662,1409,8,Haryana,2025-08-16 18:59:00,2025-08-16 21:51:00,172,53.79,21.19,1139.81,RFID,Completed
10663,1204,23,Tamil Nadu,2025-05-01 06:07:00,2025-05-01 07:35:00,88,63.94,16.51,1055.65,Wallet,Completed
10664,1435,13,Madhya Pradesh,2026-04-06 09:13:00,2026-04-06 09:56:00,43,38.67,15.25,589.72,Wallet,Completed
10665,1078,28,West Bengal,2025-07-18 07:16:00,2025-07-18 08:55:00,99,93.77,17.1,1603.47,RFID,Completed
10666,1317,1,Andhra Pradesh,2026-05-20 06:06:00,2026-05-20 07:43:00,97,63.34,16.85,1067.28,Wallet,Completed
10667,1119,30,Jammu and Kashmir,2025-04-26 20:04:00,2025-04-26 20:53:00,49,22.01,14.3,314.74,UPI,Failed
10668,1219,4,Bihar,2026-06-01 09:51:00,2026-06-01 12:48:00,177,18.45,18.96,349.81,UPI,Completed
10669,1335,23,Tamil Nadu,2026-05-18 21:39:00,2026-05-18 23:22:00,103,85.03,19.99,1699.75,Card,Completed
10670,1350,29,Delhi,2025-11-11 12:09:00,2025-11-11 13:05:00,56,76.94,15.68,1206.42,UPI,Completed
10671,1020,24,Telangana,2026-04-22 23:18:00,2026-04-23 00:49:00,91,42.59,18.3,779.4,Wallet,Completed
10672,1026,16,Meghalaya,2025-11-04 11:22:00,2025-11-04 13:46:00,144,84.32,19.03,1604.61,Card,Completed
10673,1445,1,Andhra Pradesh,2025-03-25 23:18:00,2025-03-26 00:42:00,84,86.2,16.63,1433.51,RFID,Failed
10674,1369,16,Meghalaya,2025-01-13 09:09:00,2025-01-13 11:50:00,161,92.06,21.74,2001.38,RFID,Completed
10675,1288,14,Maharashtra,2026-03-31 03:40:00,2026-03-31 04:40:00,60,38.24,13.18,504.0,RFID,Completed
10676,1565,3,Assam,2026-07-16 21:38:00,2026-07-17 00:14:00,156,39.32,22.1,868.97,Card,Completed
10677,1243,10,Jharkhand,2026-03-10 03:11:00,2026-03-10 05:46:00,155,66.59,18.41,1225.92,UPI,Completed
10678,1170,30,Jammu and Kashmir,2025-01-21 00:30:00,2025-01-21 03:23:00,173,61.3,17.94,1099.72,Wallet,Completed
10679,1048,22,Sikkim,2026-03-28 23:11:00,2026-03-29 01:29:00,138,77.15,19.79,1526.8,Wallet,Completed
10680,1486,17,Mizoram,2025-01-17 17:07:00,2025-01-17 19:06:00,119,16.39,16.63,272.57,Wallet,Completed
10681,1142,6,Goa,2025-05-04 07:47:00,2025-05-04 08:33:00,46,29.3,12.42,363.91,RFID,Completed
10682,1345,15,Manipur,2025-07-21 14:19:00,2025-07-21 16:56:00,157,93.77,18.26,1712.24,UPI,Completed
10683,1021,14,Maharashtra,2026-04-18 20:54:00,2026-04-18 23:45:00,171,61.74,20.82,1285.43,Card,Cancelled
10684,1184,20,Punjab,2025-05-13 10:10:00,2025-05-13 11:05:00,55,32.88,14.88,489.25,UPI,Completed
10685,1513,23,Tamil Nadu,2026-05-24 11:48:00,2026-05-24 12:44:00,56,71.44,17.88,1277.35,Wallet,Completed
10686,1299,7,Gujarat,2025-04-27 10:19:00,2025-04-27 11:15:00,56,24.38,20.66,503.69,UPI,Completed
10687,1231,13,Madhya Pradesh,2025-10-02 18:28:00,2025-10-02 20:00:00,92,41.36,20.14,832.99,RFID,Completed
10688,1077,20,Punjab,2026-03-30 16:30:00,2026-03-30 17:10:00,40,19.91,14.45,287.7,RFID,Completed
10689,1160,4,Bihar,2026-07-08 14:03:00,2026-07-08 15:19:00,76,9.29,12.73,118.26,RFID,Completed
10690,1396,23,Tamil Nadu,2026-03-08 09:54:00,2026-03-08 11:42:00,108,5.71,18.47,105.46,RFID,Completed
10691,1371,13,Madhya Pradesh,2025-12-07 05:22:00,2025-12-07 07:57:00,155,44.16,18.42,813.43,Card,Completed
10692,1043,18,Nagaland,2026-03-10 00:16:00,2026-03-10 01:04:00,48,33.91,13.24,448.97,UPI,Completed
10693,1128,11,Karnataka,2025-11-12 05:25:00,2025-11-12 07:25:00,120,82.7,19.92,1647.38,Wallet,Completed
10694,1110,21,Rajasthan,2025-11-22 04:55:00,2025-11-22 07:43:00,168,20.03,14.67,293.84,Wallet,Completed
10695,1399,15,Manipur,2025-01-19 05:25:00,2025-01-19 06:52:00,87,81.15,19.41,1575.12,Wallet,Completed
10696,1249,20,Punjab,2025-09-04 09:44:00,2025-09-04 10:37:00,53,15.66,15.01,235.06,UPI,Completed
10697,1584,5,Chhattisgarh,2025-12-08 17:29:00,2025-12-08 19:43:00,134,70.96,13.3,943.77,Card,Completed
10698,1074,28,West Bengal,2025-12-05 15:57:00,2025-12-05 16:34:00,37,76.28,20.91,1595.01,Wallet,Completed
10699,1571,2,Arunachal Pradesh,2025-04-01 20:43:00,2025-04-01 21:48:00,65,41.61,15.8,657.44,Wallet,Failed
10700,1207,1,Andhra Pradesh,2026-02-14 21:18:00,2026-02-14 23:23:00,125,87.44,21.34,1865.97,UPI,Completed
10701,1492,14,Maharashtra,2026-01-10 15:59:00,2026-01-10 17:48:00,109,80.36,19.36,1555.77,UPI,Completed
10702,1492,14,Maharashtra,2026-02-07 15:43:00,2026-02-07 17:47:00,124,67.84,23.11,1567.78,Wallet,Failed
10703,1322,14,Maharashtra,2025-06-26 14:15:00,2025-06-26 14:58:00,43,34.45,19.54,673.15,Card,Cancelled
10704,1322,14,Maharashtra,2025-05-10 02:35:00,2025-05-10 04:49:00,134,25.97,19.06,494.99,Wallet,Completed
10705,1235,27,Uttarakhand,2025-02-28 05:46:00,2025-02-28 07:33:00,107,7.68,18.76,144.08,UPI,Failed
10706,1554,2,Arunachal Pradesh,2025-01-27 13:17:00,2025-01-27 15:45:00,148,14.96,21.74,325.23,UPI,Completed
10707,1325,27,Uttarakhand,2026-05-01 14:28:00,2026-05-01 17:12:00,164,65.39,20.04,1310.42,UPI,Completed
10708,1360,4,Bihar,2025-07-16 19:12:00,2025-07-16 20:00:00,48,70.72,15.58,1101.82,UPI,Completed
10709,1224,25,Tripura,2026-08-21 10:03:00,2026-08-21 11:50:00,107,92.72,15.11,1401.0,Wallet,Completed
10710,1127,21,Rajasthan,2025-04-09 15:29:00,2025-04-09 16:59:00,90,57.79,19.36,1118.81,Card,Completed
10711,1310,9,Himachal Pradesh,2025-07-12 14:34:00,2025-07-12 16:02:00,88,60.27,14.48,872.71,RFID,Failed
10712,1246,25,Tripura,2025-07-16 11:26:00,2025-07-16 14:14:00,168,17.26,15.0,258.9,UPI,Completed
10713,1399,15,Manipur,2026-07-15 00:16:00,2026-07-15 01:26:00,70,67.55,17.16,1159.16,Card,Completed
10714,1262,23,Tamil Nadu,2026-01-08 03:56:00,2026-01-08 05:04:00,68,19.62,19.21,376.9,Wallet,Completed
10715,1397,23,Tamil Nadu,2025-10-08 15:38:00,2025-10-08 16:24:00,46,65.66,17.22,1130.67,UPI,Completed
10716,1529,22,Sikkim,2025-08-30 17:49:00,2025-08-30 19:49:00,120,73.86,13.9,1026.65,Wallet,Completed
10717,1029,13,Madhya Pradesh,2026-06-11 07:01:00,2026-06-11 09:23:00,142,48.32,19.16,925.81,RFID,Completed
10718,1543,7,Gujarat,2025-12-30 03:15:00,2025-12-30 04:11:00,56,94.63,14.14,1338.07,Card,Completed
10719,1049,6,Goa,2026-01-09 08:05:00,2026-01-09 10:27:00,142,42.27,19.37,818.77,RFID,Completed
10720,1110,21,Rajasthan,2026-01-24 18:27:00,2026-01-24 19:30:00,63,88.99,14.35,1277.01,Card,Completed
10721,1306,4,Bihar,2025-01-27 17:09:00,2025-01-27 19:59:00,170,90.21,12.94,1167.32,UPI,Completed
10722,1067,1,Andhra Pradesh,2025-08-25 21:47:00,2025-08-25 23:13:00,86,66.93,23.52,1574.19,UPI,Failed
10723,1049,6,Goa,2025-11-14 16:46:00,2025-11-14 18:18:00,92,92.41,21.44,1981.27,RFID,Completed
10724,1159,12,Kerala,2026-04-30 02:25:00,2026-04-30 02:56:00,31,51.5,14.7,757.05,Wallet,Completed
10725,1092,9,Himachal Pradesh,2026-08-01 12:00:00,2026-08-01 12:22:00,22,36.18,16.07,581.41,Card,Completed
10726,1427,16,Meghalaya,2025-09-09 08:29:00,2025-09-09 10:19:00,110,63.83,22.21,1417.66,UPI,Completed
10727,1573,27,Uttarakhand,2025-07-29 23:48:00,2025-07-30 00:33:00,45,41.06,18.26,749.76,RFID,Completed
10728,1277,2,Arunachal Pradesh,2026-06-06 22:20:00,2026-06-06 23:22:00,62,52.81,21.94,1158.65,Wallet,Cancelled
10729,1097,3,Assam,2026-03-18 08:32:00,2026-03-18 10:21:00,109,91.9,18.32,1683.61,UPI,Completed
10730,1212,24,Telangana,2025-05-16 20:59:00,2025-05-16 23:43:00,164,54.19,14.46,783.59,RFID,Completed
10731,1098,23,Tamil Nadu,2026-04-02 18:53:00,2026-04-02 19:40:00,47,91.65,12.86,1178.62,Wallet,Failed
10732,1521,2,Arunachal Pradesh,2025-06-14 11:10:00,2025-06-14 12:57:00,107,17.68,13.2,233.38,UPI,Failed
10733,1311,9,Himachal Pradesh,2025-02-10 02:35:00,2025-02-10 04:46:00,131,38.75,13.28,514.6,Card,Completed
10734,1380,29,Delhi,2025-09-08 10:54:00,2025-09-08 13:31:00,157,35.47,14.36,509.35,Card,Failed
10735,1120,15,Manipur,2026-05-03 13:28:00,2026-05-03 14:31:00,63,30.51,22.79,695.32,Card,Cancelled
10736,1320,18,Nagaland,2025-04-19 13:59:00,2025-04-19 15:47:00,108,56.68,15.51,879.11,RFID,Failed
10737,1201,14,Maharashtra,2026-06-17 11:41:00,2026-06-17 13:30:00,109,49.98,16.65,832.17,Wallet,Completed
10738,1221,26,Uttar Pradesh,2025-05-03 03:58:00,2025-05-03 06:30:00,152,43.38,23.27,1009.45,Wallet,Completed
10739,1558,25,Tripura,2025-11-16 00:50:00,2025-11-16 02:33:00,103,16.28,15.9,258.85,UPI,Cancelled
10740,1174,6,Goa,2025-10-20 15:59:00,2025-10-20 18:17:00,138,53.03,16.06,851.66,RFID,Completed
10741,1568,27,Uttarakhand,2026-07-14 16:26:00,2026-07-14 18:58:00,152,10.1,14.04,141.8,UPI,Completed
10742,1185,14,Maharashtra,2025-08-30 10:54:00,2025-08-30 13:14:00,140,66.35,14.48,960.75,RFID,Cancelled
10743,1051,16,Meghalaya,2025-08-21 00:52:00,2025-08-21 01:45:00,53,24.43,22.61,552.36,Wallet,Completed
10744,1070,30,Jammu and Kashmir,2025-06-20 02:45:00,2025-06-20 03:25:00,40,33.07,17.32,572.77,Wallet,Failed
10745,1591,19,Odisha,2025-12-13 14:47:00,2025-12-13 15:48:00,61,56.27,18.4,1035.37,Wallet,Completed
10746,1528,5,Chhattisgarh,2025-11-25 05:51:00,2025-11-25 06:47:00,56,22.95,12.73,292.15,Wallet,Completed
10747,1191,5,Chhattisgarh,2025-10-18 20:18:00,2025-10-18 22:28:00,130,90.1,13.36,1203.74,UPI,Completed
10748,1173,2,Arunachal Pradesh,2025-11-17 12:15:00,2025-11-17 14:48:00,153,19.48,19.59,381.61,RFID,Completed
10749,1113,7,Gujarat,2025-08-05 17:33:00,2025-08-05 18:23:00,50,21.54,18.14,390.74,Card,Completed
10750,1382,24,Telangana,2025-02-06 10:54:00,2025-02-06 13:44:00,170,90.04,12.07,1086.78,Wallet,Completed
10751,1014,23,Tamil Nadu,2025-10-17 07:22:00,2025-10-17 07:55:00,33,14.92,16.6,247.67,Card,Completed
10752,1260,15,Manipur,2025-10-12 04:51:00,2025-10-12 06:27:00,96,48.4,18.86,912.82,RFID,Completed
10753,1579,26,Uttar Pradesh,2026-02-28 04:35:00,2026-02-28 07:22:00,167,38.18,12.12,462.74,Card,Completed
10754,1112,24,Telangana,2026-06-26 19:46:00,2026-06-26 21:20:00,94,60.59,23.94,1450.52,UPI,Completed
10755,1579,26,Uttar Pradesh,2026-04-23 12:19:00,2026-04-23 13:08:00,49,21.29,23.51,500.53,UPI,Completed
10756,1086,24,Telangana,2026-06-17 04:35:00,2026-06-17 05:31:00,56,57.39,22.4,1285.54,Wallet,Completed
10757,1276,6,Goa,2025-11-26 17:53:00,2025-11-26 20:31:00,158,5.32,12.48,66.39,RFID,Failed
10758,1567,29,Delhi,2025-01-09 22:33:00,2025-01-10 00:49:00,136,37.41,17.05,637.84,UPI,Cancelled
10759,1455,5,Chhattisgarh,2025-12-13 22:40:00,2025-12-14 00:38:00,118,53.36,17.33,924.73,RFID,Completed
10760,1260,15,Manipur,2025-08-11 10:50:00,2025-08-11 11:18:00,28,90.82,22.08,2005.31,UPI,Completed
10761,1271,30,Jammu and Kashmir,2026-08-03 14:48:00,2026-08-03 17:15:00,147,51.65,23.13,1194.66,Wallet,Completed
10762,1579,26,Uttar Pradesh,2025-12-20 08:53:00,2025-12-20 11:42:00,169,8.8,19.04,167.55,Wallet,Completed
10763,1292,5,Chhattisgarh,2025-02-20 07:48:00,2025-02-20 10:05:00,137,76.69,15.46,1185.63,RFID,Completed
10764,1233,11,Karnataka,2025-08-06 22:17:00,2025-08-07 01:05:00,168,59.12,19.32,1142.2,Wallet,Completed
10765,1405,8,Haryana,2026-05-18 17:20:00,2026-05-18 19:39:00,139,82.61,14.17,1170.58,RFID,Completed
10766,1228,20,Punjab,2025-12-17 05:16:00,2025-12-17 06:06:00,50,93.12,15.25,1420.08,Wallet,Completed
10767,1308,24,Telangana,2026-05-06 09:42:00,2026-05-06 12:28:00,166,82.07,22.59,1853.96,Card,Completed
10768,1562,29,Delhi,2025-11-23 02:36:00,2025-11-23 04:59:00,143,67.55,16.82,1136.19,RFID,Completed
10769,1205,8,Haryana,2026-08-09 15:54:00,2026-08-09 17:52:00,118,86.61,23.97,2076.04,UPI,Completed
10770,1368,9,Himachal Pradesh,2026-02-26 08:23:00,2026-02-26 11:19:00,176,46.55,14.46,673.11,Card,Completed
10771,1437,15,Manipur,2025-09-28 08:46:00,2025-09-28 09:54:00,68,69.13,19.62,1356.33,Wallet,Completed
10772,1035,20,Punjab,2026-06-10 08:50:00,2026-06-10 09:54:00,64,20.63,14.68,302.85,UPI,Failed
10773,1238,11,Karnataka,2026-05-20 08:55:00,2026-05-20 10:19:00,84,57.36,18.26,1047.39,UPI,Completed
10774,1355,1,Andhra Pradesh,2025-01-31 06:25:00,2025-01-31 08:03:00,98,54.66,13.26,724.79,Wallet,Completed
10775,1146,16,Meghalaya,2025-08-20 22:03:00,2025-08-21 00:53:00,170,81.3,16.52,1343.08,RFID,Completed
10776,1130,3,Assam,2025-04-23 18:12:00,2025-04-23 21:10:00,178,68.92,20.13,1387.36,Wallet,Completed
10777,1384,1,Andhra Pradesh,2025-09-10 03:56:00,2025-09-10 05:27:00,91,90.77,15.38,1396.04,Wallet,Completed
10778,1482,22,Sikkim,2025-12-14 04:41:00,2025-12-14 07:01:00,140,38.5,20.07,772.7,RFID,Completed
10779,1172,5,Chhattisgarh,2026-05-04 10:12:00,2026-05-04 10:48:00,36,36.56,14.9,544.74,Card,Failed
10780,1390,3,Assam,2025-11-28 07:01:00,2025-11-28 08:12:00,71,62.85,20.44,1284.65,Card,Completed
10781,1007,5,Chhattisgarh,2025-04-25 21:06:00,2025-04-25 22:23:00,77,53.98,21.65,1168.67,Wallet,Failed
10782,1287,24,Telangana,2026-03-29 05:21:00,2026-03-29 07:12:00,111,57.95,18.74,1085.98,Wallet,Completed
10783,1509,16,Meghalaya,2026-02-19 16:23:00,2026-02-19 17:39:00,76,24.74,20.81,514.84,UPI,Completed
10784,1275,9,Himachal Pradesh,2026-06-26 05:00:00,2026-06-26 06:28:00,88,47.35,13.12,621.23,Card,Cancelled
10785,1154,8,Haryana,2026-03-22 07:40:00,2026-03-22 10:04:00,144,35.24,12.81,451.42,UPI,Completed
10786,1220,28,West Bengal,2025-08-09 11:17:00,2025-08-09 13:58:00,161,91.3,22.05,2013.16,UPI,Completed
10787,1448,30,Jammu and Kashmir,2026-08-13 20:30:00,2026-08-13 22:54:00,144,55.28,22.2,1227.22,RFID,Completed
10788,1465,3,Assam,2026-05-22 02:10:00,2026-05-22 03:06:00,56,37.08,18.98,703.78,RFID,Completed
10789,1218,11,Karnataka,2025-02-03 09:50:00,2025-02-03 11:52:00,122,53.77,14.64,787.19,Wallet,Completed
10790,1014,23,Tamil Nadu,2025-11-29 15:08:00,2025-11-29 16:51:00,103,65.76,14.04,923.27,UPI,Failed
10791,1006,30,Jammu and Kashmir,2025-03-07 14:09:00,2025-03-07 15:09:00,60,64.86,22.08,1432.11,UPI,Completed
10792,1010,21,Rajasthan,2025-03-02 05:28:00,2025-03-02 08:23:00,175,39.93,15.33,612.13,RFID,Completed
10793,1554,2,Arunachal Pradesh,2025-06-15 06:03:00,2025-06-15 08:48:00,165,29.34,12.56,368.51,Card,Failed
10794,1542,17,Mizoram,2025-01-17 08:40:00,2025-01-17 09:33:00,53,88.92,14.84,1319.57,UPI,Completed
10795,1588,25,Tripura,2025-12-24 11:42:00,2025-12-24 12:47:00,65,18.35,20.42,374.71,RFID,Completed
10796,1123,19,Odisha,2026-02-25 05:09:00,2026-02-25 07:33:00,144,20.28,18.97,384.71,Wallet,Completed
10797,1392,29,Delhi,2026-08-14 10:47:00,2026-08-14 12:42:00,115,43.83,22.44,983.55,Card,Completed
10798,1479,8,Haryana,2026-02-06 07:47:00,2026-02-06 08:15:00,28,72.21,15.91,1148.86,RFID,Completed
10799,1185,14,Maharashtra,2026-01-25 17:02:00,2026-01-25 19:03:00,121,91.28,12.26,1119.09,UPI,Failed
10800,1350,29,Delhi,2026-05-17 07:55:00,2026-05-17 08:46:00,51,20.52,19.22,394.39,Card,Completed
10801,1459,16,Meghalaya,2026-08-20 07:37:00,2026-08-20 08:46:00,69,67.18,17.06,1146.09,UPI,Completed
10802,1346,11,Karnataka,2025-03-19 07:15:00,2025-03-19 09:47:00,152,76.11,21.63,1646.26,RFID,Completed
10803,1079,23,Tamil Nadu,2025-01-30 16:18:00,2025-01-30 17:28:00,70,15.28,18.59,284.06,Card,Failed
10804,1489,22,Sikkim,2025-03-23 16:16:00,2025-03-23 17:30:00,74,70.45,16.2,1141.29,UPI,Failed
10805,1153,18,Nagaland,2025-07-25 17:27:00,2025-07-25 18:24:00,57,53.28,22.02,1173.23,Wallet,Completed
10806,1302,27,Uttarakhand,2026-07-02 12:19:00,2026-07-02 12:42:00,23,20.95,17.57,368.09,Card,Completed
10807,1213,26,Uttar Pradesh,2025-10-12 14:52:00,2025-10-12 17:15:00,143,46.36,14.24,660.17,RFID,Completed
10808,1318,11,Karnataka,2025-03-24 00:25:00,2025-03-24 02:44:00,139,44.01,13.51,594.58,UPI,Completed
10809,1554,2,Arunachal Pradesh,2026-04-27 06:32:00,2026-04-27 08:20:00,108,88.49,16.17,1430.88,Card,Completed
10810,1422,2,Arunachal Pradesh,2026-02-11 02:10:00,2026-02-11 03:10:00,60,63.64,21.99,1399.44,RFID,Completed
10811,1488,27,Uttarakhand,2025-09-30 10:17:00,2025-09-30 13:01:00,164,21.51,22.72,488.71,UPI,Completed
10812,1112,24,Telangana,2025-11-11 20:56:00,2025-11-11 21:21:00,25,37.09,21.99,815.61,Card,Completed
10813,1008,12,Kerala,2025-05-14 02:19:00,2025-05-14 04:22:00,123,44.27,18.48,818.11,RFID,Completed
10814,1464,5,Chhattisgarh,2025-05-27 17:39:00,2025-05-27 19:20:00,101,65.03,17.36,1128.92,Wallet,Completed
10815,1308,24,Telangana,2025-11-12 06:08:00,2025-11-12 09:06:00,178,16.84,20.11,338.65,UPI,Completed
10816,1568,27,Uttarakhand,2025-05-28 18:50:00,2025-05-28 20:45:00,115,25.68,17.74,455.56,UPI,Completed
10817,1002,11,Karnataka,2026-06-22 00:51:00,2026-06-22 02:18:00,87,85.63,19.82,1697.19,RFID,Completed
10818,1506,20,Punjab,2026-03-14 07:35:00,2026-03-14 09:53:00,138,81.75,14.97,1223.8,Wallet,Cancelled
10819,1274,1,Andhra Pradesh,2026-05-03 22:40:00,2026-05-03 23:07:00,27,25.94,21.67,562.12,Wallet,Completed
10820,1198,9,Himachal Pradesh,2026-06-09 07:56:00,2026-06-09 10:50:00,174,73.77,13.01,959.75,Card,Failed
10821,1330,21,Rajasthan,2026-07-04 12:10:00,2026-07-04 12:46:00,36,32.77,19.29,632.13,RFID,Failed
10822,1475,25,Tripura,2025-05-17 20:17:00,2025-05-17 21:10:00,53,37.94,16.85,639.29,RFID,Completed
10823,1140,24,Telangana,2025-03-07 01:16:00,2025-03-07 02:51:00,95,20.9,18.58,388.32,Card,Completed
10824,1295,23,Tamil Nadu,2026-05-30 01:13:00,2026-05-30 01:44:00,31,93.93,19.91,1870.15,RFID,Completed
10825,1250,1,Andhra Pradesh,2025-07-31 21:31:00,2025-07-31 23:28:00,117,63.41,22.59,1432.43,RFID,Completed
10826,1469,21,Rajasthan,2025-08-06 02:01:00,2025-08-06 03:57:00,116,17.67,23.01,406.59,Card,Cancelled
10827,1245,9,Himachal Pradesh,2025-07-17 20:42:00,2025-07-17 23:04:00,142,68.2,17.72,1208.5,UPI,Completed
10828,1066,30,Jammu and Kashmir,2026-05-19 07:54:00,2026-05-19 09:21:00,87,69.32,16.61,1151.41,Card,Completed
10829,1218,11,Karnataka,2025-01-16 07:10:00,2025-01-16 08:15:00,65,34.57,13.29,459.44,UPI,Completed
10830,1469,21,Rajasthan,2026-02-21 01:49:00,2026-02-21 03:45:00,116,39.92,17.9,714.57,Card,Cancelled
10831,1547,29,Delhi,2025-02-23 02:57:00,2025-02-23 03:58:00,61,23.64,16.52,390.53,Card,Completed
10832,1341,17,Mizoram,2026-08-09 16:49:00,2026-08-09 18:26:00,97,46.0,21.6,993.6,RFID,Completed
10833,1028,16,Meghalaya,2025-04-06 23:55:00,2025-04-07 02:54:00,179,60.68,12.79,776.1,Card,Completed
10834,1232,13,Madhya Pradesh,2025-09-16 14:11:00,2025-09-16 16:07:00,116,30.24,23.71,716.99,UPI,Completed
10835,1239,13,Madhya Pradesh,2026-07-03 11:57:00,2026-07-03 14:45:00,168,64.2,18.97,1217.87,Card,Completed
10836,1174,6,Goa,2025-06-16 06:34:00,2025-06-16 09:32:00,178,27.55,16.01,441.08,RFID,Completed
10837,1117,27,Uttarakhand,2026-02-25 17:28:00,2026-02-25 20:23:00,175,66.73,17.15,1144.42,Wallet,Completed
10838,1326,28,West Bengal,2025-05-28 22:58:00,2025-05-29 00:22:00,84,94.24,18.37,1731.19,Card,Completed
10839,1192,11,Karnataka,2025-10-19 12:34:00,2025-10-19 14:06:00,92,82.05,14.01,1149.52,Wallet,Cancelled
10840,1245,9,Himachal Pradesh,2025-09-28 11:52:00,2025-09-28 12:15:00,23,38.83,23.13,898.14,Card,Completed
10841,1533,15,Manipur,2025-09-16 01:18:00,2025-09-16 03:45:00,147,68.25,14.94,1019.65,UPI,Completed
10842,1324,9,Himachal Pradesh,2026-08-20 00:31:00,2026-08-20 02:40:00,129,88.7,18.62,1651.59,Wallet,Completed
10843,1423,12,Kerala,2026-01-21 19:23:00,2026-01-21 20:18:00,55,90.12,20.97,1889.82,UPI,Completed
10844,1217,13,Madhya Pradesh,2025-11-22 11:42:00,2025-11-22 14:36:00,174,47.03,23.13,1087.8,Card,Completed
10845,1223,17,Mizoram,2026-04-01 03:59:00,2026-04-01 05:09:00,70,94.77,23.31,2209.09,UPI,Cancelled
10846,1423,12,Kerala,2025-04-14 04:19:00,2025-04-14 06:40:00,141,83.69,12.72,1064.54,Wallet,Cancelled
10847,1089,9,Himachal Pradesh,2025-12-29 08:59:00,2025-12-29 10:00:00,61,93.57,14.24,1332.44,UPI,Completed
10848,1107,8,Haryana,2026-03-01 14:38:00,2026-03-01 15:18:00,40,80.08,15.65,1253.25,UPI,Completed
10849,1371,13,Madhya Pradesh,2025-10-25 00:24:00,2025-10-25 01:13:00,49,84.8,20.61,1747.73,RFID,Completed
10850,1019,5,Chhattisgarh,2025-01-29 18:10:00,2025-01-29 20:39:00,149,36.23,18.46,668.81,Card,Completed
10851,1079,23,Tamil Nadu,2025-10-27 20:05:00,2025-10-27 22:09:00,124,9.74,13.7,133.44,RFID,Completed
10852,1156,15,Manipur,2025-12-21 17:59:00,2025-12-21 20:51:00,172,37.08,19.21,712.31,Card,Completed
10853,1466,2,Arunachal Pradesh,2025-09-26 15:02:00,2025-09-26 17:49:00,167,89.58,16.75,1500.46,RFID,Completed
10854,1503,30,Jammu and Kashmir,2026-06-06 02:02:00,2026-06-06 03:12:00,70,52.41,18.45,966.96,Wallet,Completed
10855,1130,3,Assam,2026-04-14 10:35:00,2026-04-14 12:36:00,121,65.49,13.84,906.38,Wallet,Completed
10856,1078,28,West Bengal,2025-05-24 06:57:00,2025-05-24 08:21:00,84,41.47,22.87,948.42,RFID,Completed
10857,1172,5,Chhattisgarh,2025-06-24 02:10:00,2025-06-24 03:31:00,81,92.53,12.7,1175.13,UPI,Cancelled
10858,1118,15,Manipur,2025-07-18 09:41:00,2025-07-18 11:15:00,94,59.54,16.31,971.1,Card,Completed
10859,1294,1,Andhra Pradesh,2025-06-05 11:12:00,2025-06-05 13:47:00,155,47.52,17.9,850.61,Wallet,Completed
10860,1143,10,Jharkhand,2025-07-17 03:24:00,2025-07-17 04:14:00,50,57.15,14.96,854.96,Wallet,Cancelled
10861,1443,15,Manipur,2026-04-27 13:11:00,2026-04-27 14:15:00,64,72.16,23.88,1723.18,RFID,Completed
10862,1212,24,Telangana,2025-02-16 04:55:00,2025-02-16 05:35:00,40,6.6,12.4,81.84,UPI,Completed
10863,1123,19,Odisha,2025-05-02 11:53:00,2025-05-02 13:52:00,119,59.19,17.45,1032.87,RFID,Failed
10864,1600,28,West Bengal,2026-04-10 04:39:00,2026-04-10 05:38:00,59,85.35,23.98,2046.69,Card,Cancelled
10865,1533,15,Manipur,2025-04-25 09:02:00,2025-04-25 09:37:00,35,45.47,19.35,879.84,UPI,Completed
10866,1015,15,Manipur,2025-10-30 17:46:00,2025-10-30 18:39:00,53,21.67,16.26,352.35,RFID,Completed
10867,1561,6,Goa,2026-04-11 19:57:00,2026-04-11 20:44:00,47,17.97,22.48,403.97,UPI,Cancelled
10868,1029,13,Madhya Pradesh,2025-09-27 06:20:00,2025-09-27 07:37:00,77,23.16,12.85,297.61,Wallet,Completed
10869,1305,16,Meghalaya,2025-07-29 13:09:00,2025-07-29 15:17:00,128,6.4,14.53,92.99,Card,Completed
10870,1407,21,Rajasthan,2025-01-26 11:20:00,2025-01-26 13:20:00,120,82.54,13.97,1153.08,Wallet,Cancelled
10871,1498,26,Uttar Pradesh,2025-10-01 21:31:00,2025-10-01 23:16:00,105,55.27,16.48,910.85,UPI,Cancelled
10872,1130,3,Assam,2025-06-21 06:02:00,2025-06-21 07:42:00,100,81.46,22.12,1801.9,Card,Completed
10873,1562,29,Delhi,2026-04-05 17:58:00,2026-04-05 20:19:00,141,56.59,23.81,1347.41,Wallet,Completed
10874,1154,8,Haryana,2025-10-07 18:54:00,2025-10-07 20:10:00,76,45.37,16.36,742.25,Wallet,Failed
10875,1482,22,Sikkim,2025-09-15 04:14:00,2025-09-15 06:39:00,145,31.26,14.72,460.15,Wallet,Completed
10876,1476,29,Delhi,2025-03-22 06:34:00,2025-03-22 07:36:00,62,57.32,21.09,1208.88,Card,Completed
10877,1214,28,West Bengal,2025-10-10 00:08:00,2025-10-10 02:11:00,123,89.32,12.01,1072.73,Wallet,Completed
10878,1521,2,Arunachal Pradesh,2026-01-08 03:12:00,2026-01-08 04:30:00,78,24.04,18.68,449.07,Wallet,Completed
10879,1146,16,Meghalaya,2025-10-20 03:38:00,2025-10-20 05:33:00,115,46.81,20.98,982.07,RFID,Completed
10880,1100,6,Goa,2026-05-27 01:56:00,2026-05-27 03:01:00,65,42.5,14.63,621.77,Card,Cancelled
10881,1088,10,Jharkhand,2025-10-07 14:48:00,2025-10-07 16:08:00,80,55.26,15.0,828.9,UPI,Failed
10882,1301,26,Uttar Pradesh,2025-08-18 05:41:00,2025-08-18 06:47:00,66,42.42,13.79,584.97,Wallet,Completed
10883,1317,1,Andhra Pradesh,2025-09-08 14:28:00,2025-09-08 15:00:00,32,63.84,13.14,838.86,Card,Completed
10884,1428,6,Goa,2026-06-02 23:08:00,2026-06-02 23:55:00,47,24.16,12.95,312.87,RFID,Completed
10885,1499,8,Haryana,2025-08-01 18:45:00,2025-08-01 19:05:00,20,33.64,13.75,462.55,Card,Completed
10886,1400,14,Maharashtra,2025-07-27 06:49:00,2025-07-27 07:23:00,34,6.23,17.78,110.77,UPI,Completed
10887,1345,15,Manipur,2025-07-13 05:43:00,2025-07-13 07:48:00,125,49.11,13.04,640.39,RFID,Completed
10888,1135,29,Delhi,2025-03-20 05:00:00,2025-03-20 05:32:00,32,52.8,22.73,1200.14,Wallet,Completed
10889,1363,26,Uttar Pradesh,2026-06-28 03:29:00,2026-06-28 04:05:00,36,14.66,20.37,298.62,UPI,Completed
10890,1483,25,Tripura,2025-11-25 12:21:00,2025-11-25 15:12:00,171,36.96,15.37,568.08,RFID,Completed
10891,1545,3,Assam,2026-02-20 23:18:00,2026-02-21 01:06:00,108,12.63,20.9,263.97,Wallet,Completed
10892,1223,17,Mizoram,2026-03-19 02:51:00,2026-03-19 05:43:00,172,61.6,21.15,1302.84,RFID,Completed
10893,1252,5,Chhattisgarh,2025-09-14 16:51:00,2025-09-14 19:08:00,137,86.78,21.7,1883.13,Wallet,Completed
10894,1537,10,Jharkhand,2025-10-10 13:35:00,2025-10-10 14:48:00,73,8.3,19.16,159.03,UPI,Failed
10895,1334,21,Rajasthan,2026-05-11 21:35:00,2026-05-11 22:37:00,62,52.51,15.28,802.35,RFID,Completed
10896,1066,30,Jammu and Kashmir,2025-01-17 06:39:00,2025-01-17 08:21:00,102,20.7,19.07,394.75,Card,Failed
10897,1284,19,Odisha,2025-06-19 16:41:00,2025-06-19 17:18:00,37,15.92,14.11,224.63,UPI,Completed
10898,1029,13,Madhya Pradesh,2025-10-23 13:35:00,2025-10-23 15:26:00,111,24.07,12.71,305.93,Card,Completed
10899,1118,15,Manipur,2026-06-27 03:39:00,2026-06-27 05:38:00,119,40.88,13.64,557.6,RFID,Cancelled
10900,1081,21,Rajasthan,2026-02-13 22:05:00,2026-02-13 23:13:00,68,43.83,13.39,586.88,Wallet,Cancelled
10901,1416,30,Jammu and Kashmir,2026-06-01 22:42:00,2026-06-02 00:29:00,107,71.37,13.54,966.35,Wallet,Completed
10902,1544,11,Karnataka,2026-02-02 08:06:00,2026-02-02 09:36:00,90,16.79,20.39,342.35,UPI,Completed
10903,1185,14,Maharashtra,2025-04-07 14:38:00,2025-04-07 16:08:00,90,76.17,14.41,1097.61,UPI,Completed
10904,1507,11,Karnataka,2026-02-14 06:32:00,2026-02-14 08:28:00,116,23.95,15.39,368.59,Card,Completed
10905,1427,16,Meghalaya,2025-08-29 03:16:00,2025-08-29 03:45:00,29,84.63,20.69,1750.99,UPI,Completed
10906,1506,20,Punjab,2025-04-14 03:37:00,2025-04-14 04:55:00,78,60.62,17.52,1062.06,Card,Completed
10907,1143,10,Jharkhand,2025-02-27 00:44:00,2025-02-27 03:12:00,148,63.9,18.33,1171.29,UPI,Completed
10908,1052,24,Telangana,2026-06-26 20:48:00,2026-06-26 21:18:00,30,36.14,20.07,725.33,Card,Completed
10909,1556,24,Telangana,2026-07-29 22:29:00,2026-07-30 01:24:00,175,64.85,21.43,1389.74,Card,Completed
10910,1112,24,Telangana,2025-03-03 20:27:00,2025-03-03 21:03:00,36,6.21,14.46,89.8,Card,Failed
10911,1221,26,Uttar Pradesh,2025-02-17 04:32:00,2025-02-17 06:22:00,110,70.18,22.74,1595.89,RFID,Completed
10912,1515,26,Uttar Pradesh,2025-06-26 12:06:00,2025-06-26 14:44:00,158,16.05,23.56,378.14,Wallet,Cancelled
10913,1428,6,Goa,2025-05-23 17:32:00,2025-05-23 18:41:00,69,60.67,22.06,1338.38,RFID,Failed
10914,1232,13,Madhya Pradesh,2025-07-05 11:14:00,2025-07-05 11:35:00,21,51.47,20.3,1044.84,Card,Completed
10915,1065,5,Chhattisgarh,2025-11-05 18:05:00,2025-11-05 19:55:00,110,17.53,18.96,332.37,RFID,Completed
10916,1227,18,Nagaland,2025-04-09 19:52:00,2025-04-09 21:20:00,88,73.26,16.02,1173.63,UPI,Completed
10917,1053,19,Odisha,2025-06-19 16:15:00,2025-06-19 19:13:00,178,20.58,12.57,258.69,UPI,Completed
10918,1509,16,Meghalaya,2025-09-18 17:13:00,2025-09-18 18:20:00,67,71.15,12.74,906.45,Wallet,Completed
10919,1014,23,Tamil Nadu,2026-06-07 09:29:00,2026-06-07 10:04:00,35,23.94,20.36,487.42,UPI,Completed
10920,1040,4,Bihar,2025-12-07 01:46:00,2025-12-07 03:09:00,83,73.7,17.15,1263.95,Card,Completed
10921,1395,10,Jharkhand,2026-07-05 05:32:00,2026-07-05 06:21:00,49,26.49,23.01,609.53,RFID,Completed
10922,1562,29,Delhi,2026-05-29 09:10:00,2026-05-29 11:25:00,135,85.88,23.97,2058.54,Wallet,Completed
10923,1437,15,Manipur,2025-11-07 03:10:00,2025-11-07 06:10:00,180,87.55,20.9,1829.79,UPI,Completed
10924,1042,26,Uttar Pradesh,2026-03-19 17:59:00,2026-03-19 18:41:00,42,37.49,21.4,802.29,Card,Completed
10925,1524,16,Meghalaya,2025-07-31 20:16:00,2025-07-31 22:58:00,162,88.76,21.15,1877.27,UPI,Completed
10926,1220,28,West Bengal,2026-08-09 12:50:00,2026-08-09 15:12:00,142,35.43,20.93,741.55,Card,Cancelled
10927,1371,13,Madhya Pradesh,2026-08-16 06:49:00,2026-08-16 08:59:00,130,34.9,12.11,422.64,Wallet,Failed
10928,1216,20,Punjab,2025-11-04 16:52:00,2025-11-04 17:59:00,67,80.34,18.6,1494.32,Wallet,Cancelled
10929,1135,29,Delhi,2025-07-11 08:18:00,2025-07-11 10:52:00,154,30.55,13.43,410.29,UPI,Completed
10930,1399,15,Manipur,2026-04-19 16:03:00,2026-04-19 18:29:00,146,36.92,12.33,455.22,Card,Failed
10931,1345,15,Manipur,2026-04-08 05:29:00,2026-04-08 05:56:00,27,72.54,12.88,934.32,Wallet,Completed
10932,1562,29,Delhi,2026-01-06 18:30:00,2026-01-06 19:29:00,59,76.14,23.0,1751.22,Card,Completed
10933,1077,20,Punjab,2026-03-04 20:59:00,2026-03-04 23:44:00,165,79.8,22.94,1830.61,UPI,Completed
10934,1297,6,Goa,2025-10-03 11:53:00,2025-10-03 14:29:00,156,56.64,18.92,1071.63,Wallet,Completed
10935,1538,2,Arunachal Pradesh,2025-10-02 07:57:00,2025-10-02 09:58:00,121,29.83,16.21,483.54,Wallet,Completed
10936,1573,27,Uttarakhand,2026-05-12 13:10:00,2026-05-12 15:22:00,132,46.71,19.27,900.1,Card,Completed
10937,1453,8,Haryana,2025-10-23 00:24:00,2025-10-23 02:06:00,102,84.94,14.94,1269.0,RFID,Completed
10938,1358,21,Rajasthan,2026-07-14 01:44:00,2026-07-14 03:12:00,88,41.81,18.29,764.7,UPI,Completed
10939,1029,13,Madhya Pradesh,2026-03-04 17:29:00,2026-03-04 20:21:00,172,79.99,21.63,1730.18,Wallet,Completed
10940,1550,2,Arunachal Pradesh,2025-05-26 18:59:00,2025-05-26 21:11:00,132,87.01,12.23,1064.13,RFID,Cancelled
10941,1301,26,Uttar Pradesh,2025-10-05 01:04:00,2025-10-05 01:56:00,52,22.96,12.24,281.03,Card,Completed
10942,1126,3,Assam,2025-01-20 22:08:00,2025-01-20 23:23:00,75,93.62,21.25,1989.43,Card,Completed
10943,1391,4,Bihar,2025-09-04 16:39:00,2025-09-04 18:26:00,107,21.36,17.35,370.6,UPI,Completed
10944,1181,1,Andhra Pradesh,2026-04-25 03:23:00,2026-04-25 05:52:00,149,59.66,12.0,715.92,UPI,Completed
10945,1500,2,Arunachal Pradesh,2026-02-21 10:48:00,2026-02-21 12:46:00,118,39.48,19.56,772.23,Card,Completed
10946,1577,10,Jharkhand,2025-09-16 03:35:00,2025-09-16 05:24:00,109,21.82,17.46,380.98,UPI,Completed
10947,1401,27,Uttarakhand,2025-05-25 06:28:00,2025-05-25 08:19:00,111,77.83,18.62,1449.19,Wallet,Completed
10948,1492,14,Maharashtra,2026-04-20 16:45:00,2026-04-20 17:15:00,30,55.64,23.7,1318.67,UPI,Cancelled
10949,1476,29,Delhi,2025-03-26 12:49:00,2025-03-26 14:26:00,97,38.29,21.92,839.32,RFID,Failed
10950,1390,3,Assam,2025-07-28 14:14:00,2025-07-28 14:38:00,24,31.04,19.7,611.49,Wallet,Completed
10951,1380,29,Delhi,2026-07-23 21:47:00,2026-07-24 00:35:00,168,21.82,18.5,403.67,UPI,Completed
10952,1339,12,Kerala,2026-02-03 19:21:00,2026-02-03 21:59:00,158,93.74,12.38,1160.5,Wallet,Completed
10953,1549,16,Meghalaya,2025-11-07 08:14:00,2025-11-07 10:13:00,119,65.64,20.75,1362.03,Card,Cancelled
10954,1209,14,Maharashtra,2026-04-08 03:48:00,2026-04-08 06:19:00,151,73.04,18.25,1332.98,Card,Completed
10955,1328,7,Gujarat,2026-03-10 11:45:00,2026-03-10 13:34:00,109,15.64,16.44,257.12,Card,Completed
10956,1228,20,Punjab,2025-06-10 08:02:00,2025-06-10 10:35:00,153,70.87,18.73,1327.4,UPI,Cancelled
10957,1587,23,Tamil Nadu,2025-08-31 08:05:00,2025-08-31 09:47:00,102,10.41,23.67,246.4,RFID,Cancelled
10958,1211,25,Tripura,2025-07-30 10:32:00,2025-07-30 13:23:00,171,14.36,21.24,305.01,Card,Cancelled
10959,1467,23,Tamil Nadu,2025-11-25 00:14:00,2025-11-25 02:11:00,117,82.47,12.18,1004.48,Wallet,Completed
10960,1184,20,Punjab,2026-07-20 12:36:00,2026-07-20 15:20:00,164,85.77,15.99,1371.46,UPI,Cancelled
10961,1293,9,Himachal Pradesh,2025-03-10 17:51:00,2025-03-10 20:10:00,139,36.72,21.29,781.77,RFID,Completed
10962,1550,2,Arunachal Pradesh,2025-06-08 17:12:00,2025-06-08 17:46:00,34,17.67,18.25,322.48,UPI,Completed
10963,1263,30,Jammu and Kashmir,2025-06-21 12:08:00,2025-06-21 13:22:00,74,13.48,15.78,212.71,Card,Cancelled
10964,1286,20,Punjab,2025-02-17 17:45:00,2025-02-17 19:47:00,122,44.0,17.51,770.44,Wallet,Completed
10965,1276,6,Goa,2026-01-15 09:52:00,2026-01-15 11:47:00,115,42.81,12.73,544.97,Card,Completed
10966,1171,5,Chhattisgarh,2026-02-19 07:25:00,2026-02-19 08:27:00,62,11.26,13.84,155.84,Card,Completed
10967,1173,2,Arunachal Pradesh,2025-08-16 18:20:00,2025-08-16 20:07:00,107,47.14,22.66,1068.19,Card,Completed
10968,1511,17,Mizoram,2025-03-31 03:05:00,2025-03-31 04:42:00,97,62.84,17.5,1099.7,Card,Completed
10969,1397,23,Tamil Nadu,2026-01-07 01:28:00,2026-01-07 02:42:00,74,91.14,12.56,1144.72,UPI,Completed
10970,1111,9,Himachal Pradesh,2025-04-12 05:25:00,2025-04-12 05:47:00,22,19.09,15.0,286.35,UPI,Completed
10971,1465,3,Assam,2025-07-13 11:08:00,2025-07-13 13:30:00,142,44.74,18.22,815.16,Wallet,Completed
10972,1083,1,Andhra Pradesh,2026-04-30 18:10:00,2026-04-30 19:03:00,53,5.79,12.02,69.6,Card,Completed
10973,1283,29,Delhi,2025-07-07 16:08:00,2025-07-07 16:58:00,50,23.44,22.74,533.03,Wallet,Cancelled
10974,1339,12,Kerala,2025-12-14 09:03:00,2025-12-14 09:32:00,29,80.39,22.6,1816.81,Wallet,Completed
10975,1260,15,Manipur,2025-01-12 19:58:00,2025-01-12 20:23:00,25,44.0,21.1,928.4,Wallet,Completed
10976,1589,14,Maharashtra,2025-07-06 16:18:00,2025-07-06 17:39:00,81,43.28,23.95,1036.56,Card,Completed
10977,1058,30,Jammu and Kashmir,2025-01-08 18:00:00,2025-01-08 20:19:00,139,90.98,15.6,1419.29,RFID,Completed
10978,1252,5,Chhattisgarh,2026-08-06 07:37:00,2026-08-06 09:02:00,85,79.87,13.15,1050.29,RFID,Completed
10979,1240,7,Gujarat,2025-04-07 19:22:00,2025-04-07 21:43:00,141,79.64,20.76,1653.33,Wallet,Completed
10980,1589,14,Maharashtra,2025-09-15 13:06:00,2025-09-15 15:50:00,164,32.4,18.0,583.2,Card,Completed
10981,1001,21,Rajasthan,2025-07-08 21:52:00,2025-07-09 00:10:00,138,50.56,18.46,933.34,Wallet,Completed
10982,1297,6,Goa,2025-08-03 00:16:00,2025-08-03 02:30:00,134,7.49,13.67,102.39,RFID,Completed
10983,1600,28,West Bengal,2025-05-28 00:26:00,2025-05-28 02:04:00,98,82.39,21.33,1757.38,RFID,Completed
10984,1167,10,Jharkhand,2026-03-17 09:58:00,2026-03-17 12:51:00,173,21.43,12.87,275.8,RFID,Failed
10985,1065,5,Chhattisgarh,2025-09-17 23:00:00,2025-09-18 00:26:00,86,50.11,20.46,1025.25,Wallet,Completed
10986,1569,11,Karnataka,2026-01-10 23:49:00,2026-01-11 00:26:00,37,21.32,17.71,377.58,UPI,Completed
10987,1299,7,Gujarat,2026-05-07 08:07:00,2026-05-07 09:20:00,73,23.4,14.86,347.72,RFID,Cancelled
10988,1485,15,Manipur,2025-06-21 18:48:00,2025-06-21 19:55:00,67,52.27,20.69,1081.47,Wallet,Completed
10989,1531,4,Bihar,2025-02-10 05:55:00,2025-02-10 08:10:00,135,84.01,12.96,1088.77,UPI,Completed
10990,1164,20,Punjab,2026-01-22 12:54:00,2026-01-22 15:19:00,145,16.1,22.15,356.62,RFID,Completed
10991,1375,3,Assam,2025-07-08 10:06:00,2025-07-08 11:56:00,110,64.67,20.89,1350.96,Wallet,Cancelled
10992,1463,20,Punjab,2026-05-29 17:38:00,2026-05-29 18:03:00,25,75.69,17.5,1324.58,RFID,Completed
10993,1008,12,Kerala,2025-11-16 10:33:00,2025-11-16 12:10:00,97,22.14,23.79,526.71,Wallet,Completed
10994,1088,10,Jharkhand,2025-11-30 12:25:00,2025-11-30 13:36:00,71,69.86,17.06,1191.81,UPI,Completed
10995,1335,23,Tamil Nadu,2025-02-08 09:53:00,2025-02-08 11:23:00,90,76.32,13.1,999.79,Wallet,Completed
10996,1248,27,Uttarakhand,2026-03-23 00:00:00,2026-03-23 01:28:00,88,57.38,17.32,993.82,Wallet,Failed
10997,1447,27,Uttarakhand,2025-07-30 02:50:00,2025-07-30 05:01:00,131,52.15,23.33,1216.66,Wallet,Cancelled
10998,1115,8,Haryana,2026-03-16 06:54:00,2026-03-16 09:17:00,143,41.44,23.41,970.11,UPI,Completed
10999,1032,21,Rajasthan,2025-01-12 00:12:00,2025-01-12 01:37:00,85,75.65,17.46,1320.85,UPI,Cancelled
11000,1049,6,Goa,2025-01-20 00:50:00,2025-01-20 01:16:00,26,23.6,16.08,379.49,RFID,Cancelled
